heart_rate,steps,calories,azm,resting_hr,hrv,br,sleep_minutes,sleep_efficiency,stress_level
92,151,42,3,59,21,12,423,0.84,High
71,508,104,11,68,48,12,470,0.91,Low
90,171,81,0,66,17,13,395,0.91,High
86,339,98,8,74,39,12,411,0.74,Medium
73,455,88,4,56,34,14,428,0.73,Medium
86,273,129,5,67,34,15,461,0.94,Medium
82,401,89,7,68,32,17,307,0.73,Medium
95,144,73,1,62,20,17,313,0.83,High
67,842,106,12,70,40,13,463,0.88,Low
72,267,128,5,57,31,17,363,0.84,Medium
60,737,144,17,65,40,15,332,0.85,Low
86,284,106,6,67,33,15,467,0.77,Medium
89,195,74,0,56,16,18,385,0.94,High
77,515,145,15,74,40,19,369,0.9,Low
71,697,152,13,70,44,16,463,0.81,Low
69,732,102,19,68,40,18,343,0.79,Low
89,393,81,6,71,38,17,330,0.72,Medium
67,681,151,15,59,44,16,474,0.87,Low
92,81,59,3,63,23,17,467,0.77,High
93,102,73,0,68,18,13,329,0.92,High
77,283,89,6,63,31,13,360,0.89,Medium
88,318,101,8,71,30,16,352,0.71,Medium
84,462,122,5,65,36,16,346,0.86,Medium
80,373,113,6,70,35,15,371,0.78,Medium
89,86,72,0,65,18,18,436,0.94,High
72,566,112,15,65,44,12,376,0.79,Low
71,308,98,4,55,27,16,359,0.89,Medium
82,259,75,6,72,25,12,429,0.88,Medium
78,224,78,9,68,31,15,402,0.82,Medium
72,749,158,12,72,41,12,309,0.77,Low
81,570,166,13,72,46,15,397,0.94,Low
75,428,81,4,65,38,16,319,0.8,Medium
69,555,143,13,67,48,19,464,0.94,Low
79,287,83,9,63,27,13,422,0.84,Medium
94,87,85,1,62,21,18,463,0.87,High
62,682,170,15,57,45,18,454,0.81,Low
102,4,41,1,68,20,15,405,0.88,High
102,47,42,0,68,21,19,395,0.71,High
80,440,125,4,69,34,19,322,0.72,Medium
60,733,110,17,60,41,14,333,0.83,Low
55,784,108,11,56,48,17,413,0.94,Low
101,106,78,1,67,22,16,468,0.94,High
67,553,161,10,64,48,14,350,0.8,Low
81,776,100,12,72,46,17,474,0.75,Low
78,219,120,6,67,29,14,308,0.79,Medium
87,67,49,1,63,22,14,428,0.78,High
54,642,161,14,55,45,18,398,0.91,Low
97,107,59,2,74,15,15,479,0.85,High
72,798,171,15,70,49,18,312,0.86,Low
73,452,123,8,60,31,17,428,0.79,Medium
99,187,78,3,66,24,18,406,0.76,High
67,687,117,10,64,42,18,327,0.81,Low
77,456,126,5,66,36,13,467,0.79,Medium
61,706,115,18,62,40,14,347,0.77,Low
67,245,91,7,55,38,16,303,0.75,Medium
90,119,65,0,67,22,15,302,0.71,High
85,440,100,4,69,34,13,419,0.73,Medium
94,31,47,2,72,16,19,329,0.77,High
88,198,77,2,55,21,16,328,0.81,High
70,547,113,13,66,43,15,392,0.7,Low
83,424,78,5,71,37,17,449,0.73,Medium
84,493,119,6,73,31,18,334,0.85,Medium
86,129,41,1,57,19,19,303,0.76,High
75,403,87,7,61,31,19,319,0.89,Medium
95,193,55,1,69,16,15,312,0.81,High
93,143,58,2,68,19,12,401,0.72,High
68,283,100,8,58,34,16,431,0.9,Medium
81,123,59,2,58,15,17,383,0.73,High
55,676,131,15,56,46,19,420,0.71,Low
82,384,117,6,68,33,13,354,0.92,Medium
86,392,129,8,72,35,19,336,0.88,Medium
73,698,109,18,69,43,19,320,0.92,Low
86,129,67,0,59,19,14,341,0.91,High
71,221,71,7,60,36,17,335,0.85,Medium
92,378,108,7,73,34,13,443,0.78,Medium
79,595,107,19,74,46,15,356,0.76,Low
87,24,56,0,65,20,12,347,0.9,High
76,211,96,8,58,32,12,394,0.88,Medium
67,657,143,16,63,46,17,309,0.8,Low
86,0,73,0,60,23,18,345,0.92,High
54,590,156,15,55,41,14,476,0.89,Low
80,224,122,4,62,33,19,366,0.83,Medium
107,86,66,0,74,24,14,413,0.84,High
93,105,83,0,68,16,15,424,0.8,High
95,196,71,3,61,24,12,381,0.72,High
90,164,83,1,58,24,16,417,0.81,High
94,118,44,1,71,23,14,423,0.82,High
60,777,179,15,61,41,17,445,0.9,Low
60,632,152,17,61,41,17,323,0.91,Low
87,156,54,1,55,16,15,395,0.76,High
100,101,61,2,68,24,16,467,0.79,High
73,448,90,8,56,29,13,302,0.75,Medium
63,865,178,16,60,47,15,418,0.86,Low
64,724,145,18,56,49,18,321,0.78,Low
99,27,66,1,70,20,14,396,0.93,High
94,45,51,0,60,23,17,464,0.87,High
67,609,152,18,70,41,12,329,0.94,Low
77,461,108,7,67,30,15,448,0.83,Medium
88,438,72,9,70,35,15,362,0.85,Medium
104,38,41,0,72,19,15,427,0.93,High
85,456,108,7,69,25,17,336,0.73,Medium
75,368,77,4,58,33,13,403,0.76,Medium
70,895,130,19,69,44,19,460,0.81,Low
73,470,115,4,59,28,15,404,0.74,Medium
63,763,108,11,57,49,16,461,0.94,Low
66,220,109,5,55,32,19,370,0.95,Medium
64,871,174,12,61,46,17,397,0.76,Low
54,670,107,14,57,43,12,305,0.71,Low
74,634,111,13,69,48,18,389,0.88,Low
70,784,160,14,74,42,19,382,0.87,Low
92,339,79,8,74,27,13,459,0.72,Medium
98,32,56,2,70,17,19,369,0.71,High
88,114,58,2,65,17,15,337,0.85,High
95,144,45,1,72,18,13,365,0.87,High
81,207,129,8,62,26,19,362,0.81,Medium
70,679,175,14,64,40,12,358,0.94,Low
69,395,97,4,58,32,19,384,0.79,Medium
84,353,124,7,72,39,17,415,0.94,Medium
67,709,121,13,69,48,18,305,0.82,Low
87,174,63,0,65,23,16,478,0.94,High
74,298,123,4,63,33,12,303,0.84,Medium
83,492,97,7,64,34,18,414,0.85,Medium
72,411,113,8,61,37,19,410,0.85,Medium
51,771,107,16,55,43,12,339,0.8,Low
63,671,126,15,56,46,17,436,0.84,Low
93,220,110,8,74,34,18,321,0.79,Medium
59,797,108,18,56,45,15,314,0.94,Low
91,428,122,8,73,34,16,417,0.72,Medium
100,184,42,3,72,18,17,374,0.76,High
61,608,142,13,62,46,12,312,0.74,Low
99,137,59,0,72,18,12,436,0.93,High
100,19,82,3,68,19,18,428,0.82,High
77,263,81,9,66,33,17,354,0.7,Medium
67,559,104,14,61,45,12,475,0.84,Low
83,261,86,6,73,38,16,443,0.72,Medium
74,217,97,7,60,34,18,440,0.88,Medium
76,405,96,6,62,25,17,442,0.87,Medium
89,10,79,2,56,23,15,393,0.78,High
86,128,83,3,56,18,12,326,0.71,High
86,36,66,0,65,19,17,380,0.74,High
76,394,128,7,62,26,18,347,0.8,Medium
75,875,137,18,70,44,14,471,0.79,Low
86,29,42,0,58,17,13,437,0.92,High
95,66,42,3,73,20,18,325,0.71,High
85,43,60,3,64,18,12,462,0.74,High
68,835,112,12,61,43,14,308,0.79,Low
68,626,143,16,73,41,15,321,0.82,Low
87,28,54,2,66,24,16,448,0.71,High
59,702,101,15,60,43,15,475,0.93,Low
65,575,173,18,61,45,13,345,0.86,Low
82,167,80,3,62,18,16,373,0.95,High
73,290,114,9,58,31,12,441,0.71,Medium
80,646,128,14,71,49,19,439,0.76,Low
70,404,109,6,57,32,16,391,0.82,Medium
63,532,168,14,64,44,15,309,0.74,Low
74,585,115,17,67,43,13,306,0.91,Low
64,605,168,15,69,43,19,368,0.73,Low
76,28,50,0,55,19,18,382,0.91,High
75,736,167,12,68,47,15,396,0.94,Low
90,185,64,0,61,24,15,473,0.84,High
75,315,120,7,58,38,16,439,0.94,Medium
83,251,110,7,70,39,15,301,0.88,Medium
72,867,174,11,70,43,17,457,0.83,Low
79,332,109,5,66,29,19,322,0.9,Medium
74,263,73,9,60,29,16,408,0.77,Medium
91,47,67,3,65,18,18,371,0.81,High
86,305,120,8,69,30,12,428,0.94,Medium
103,147,55,1,71,17,14,437,0.88,High
54,825,168,12,58,48,19,302,0.7,Low
72,449,122,4,59,37,13,339,0.73,Medium
79,202,103,5,68,34,17,318,0.79,Medium
79,460,115,9,68,33,18,339,0.88,Medium
101,48,77,3,67,17,14,361,0.91,High
79,12,52,0,58,19,18,343,0.89,High
70,518,122,16,71,41,13,454,0.71,Low
84,364,122,7,70,28,14,302,0.8,Medium
78,426,120,5,61,37,15,353,0.87,Medium
92,145,67,0,67,16,19,423,0.72,High
92,302,99,7,73,25,19,373,0.91,Medium
79,168,52,3,55,16,15,311,0.73,High
84,359,128,9,68,33,18,385,0.89,Medium
82,328,99,7,69,25,16,417,0.78,Medium
94,70,69,2,63,17,17,473,0.89,High
77,168,40,3,57,19,19,397,0.72,High
83,437,115,6,72,37,16,391,0.76,Medium
78,327,77,8,59,26,12,367,0.81,Medium
77,72,47,0,56,19,18,458,0.74,High
79,483,128,6,60,33,17,314,0.88,Medium
86,224,70,8,68,32,12,401,0.71,Medium
86,420,71,8,70,30,12,361,0.74,Medium
67,623,161,18,61,44,14,352,0.73,Low
71,587,175,14,66,41,18,443,0.92,Low
66,282,89,5,55,34,16,308,0.83,Medium
58,606,108,18,62,47,12,474,0.82,Low
66,678,123,19,69,48,19,404,0.93,Low
69,830,149,16,65,42,18,431,0.82,Low
85,312,93,4,69,31,16,411,0.81,Medium
94,42,65,2,62,16,16,419,0.84,High
74,399,119,8,58,26,18,312,0.73,Medium
79,488,123,5,68,36,16,476,0.85,Medium
90,129,82,1,59,24,13,310,0.8,High
77,591,137,17,70,40,13,466,0.73,Low
57,540,124,17,58,47,19,445,0.72,Low
83,478,88,9,69,34,17,444,0.87,Medium
65,530,121,10,61,43,16,346,0.83,Low
62,673,156,15,61,49,16,433,0.82,Low
78,75,55,2,57,24,15,405,0.8,High
84,452,123,6,72,38,15,387,0.95,Medium
75,256,100,4,63,35,12,454,0.94,Medium
65,584,141,17,62,46,17,340,0.89,Low
77,250,127,4,63,30,18,418,0.72,Medium
73,749,157,18,67,47,17,370,0.83,Low
79,865,176,14,72,40,13,465,0.93,Low
69,623,129,15,61,48,18,430,0.94,Low
87,372,90,9,73,29,19,343,0.83,Medium
100,74,67,2,69,19,12,350,0.87,High
69,389,74,7,59,39,15,461,0.8,Medium
71,669,121,16,67,45,16,323,0.83,Low
69,626,120,17,72,46,12,449,0.82,Low
96,132,76,2,69,21,12,379,0.91,High
78,465,78,4,62,37,14,322,0.84,Medium
70,808,176,10,70,44,14,479,0.71,Low
74,601,167,14,72,44,17,334,0.79,Low
90,31,68,0,61,19,15,455,0.82,High
86,180,64,1,62,19,18,447,0.92,High
104,7,43,2,72,18,13,302,0.92,High
76,860,168,16,72,45,19,433,0.94,Low
83,596,174,10,74,41,18,316,0.71,Low
107,88,87,2,73,18,19,318,0.82,High
80,517,149,11,71,46,15,312,0.75,Low
84,176,47,0,57,16,18,377,0.76,High
59,832,108,14,58,48,12,348,0.94,Low
73,229,106,6,63,28,14,457,0.72,Medium
89,179,59,2,58,22,13,362,0.82,High
87,417,79,6,68,37,12,420,0.92,Medium
56,837,145,11,61,44,15,412,0.71,Low
85,313,121,5,73,33,16,435,0.93,Medium
75,328,70,9,62,38,19,357,0.87,Medium
91,145,61,2,66,21,13,308,0.7,High
66,786,149,16,69,40,12,324,0.86,Low
79,248,120,6,66,32,15,366,0.89,Medium
81,312,77,5,64,28,17,394,0.78,Medium
75,863,117,16,68,42,12,468,0.9,Low
76,319,114,9,63,37,17,449,0.82,Medium
80,50,77,1,55,17,17,358,0.84,High
55,733,173,10,55,43,15,319,0.83,Low
96,43,70,1,63,21,19,429,0.87,High
88,112,61,0,62,17,18,473,0.73,High
70,368,80,8,60,26,18,390,0.77,Medium
83,470,80,6,69,32,14,451,0.88,Medium
79,348,87,9,67,32,14,446,0.8,Medium
56,870,127,12,56,41,13,330,0.72,Low
105,114,88,0,73,16,15,453,0.88,High
70,716,141,11,70,46,15,418,0.89,Low
87,107,66,2,56,24,15,445,0.92,High
95,131,87,3,71,24,12,395,0.91,High
58,526,144,10,62,40,15,332,0.93,Low
80,597,174,16,74,43,12,372,0.78,Low
83,353,82,9,73,30,18,393,0.9,Medium
101,114,80,0,73,23,12,306,0.86,High
73,595,137,19,65,41,18,423,0.8,Low
77,188,54,2,55,20,12,314,0.91,High
63,861,122,10,56,42,16,465,0.85,Low
78,82,66,3,55,21,18,402,0.73,High
81,322,107,8,71,39,13,425,0.82,Medium
82,458,73,6,70,37,17,351,0.77,Medium
72,500,138,13,72,48,16,396,0.83,Low
71,879,114,13,71,47,14,318,0.95,Low
73,739,157,11,70,41,15,340,0.8,Low
77,454,118,8,58,37,19,355,0.94,Medium
96,25,68,3,65,20,16,446,0.73,High
104,67,80,3,74,21,12,417,0.89,High
65,672,116,11,57,49,17,322,0.82,Low
89,95,75,1,58,24,15,378,0.94,High
106,114,74,3,72,19,18,360,0.73,High
90,264,114,9,73,26,17,449,0.71,Medium
72,802,143,18,68,42,19,412,0.88,Low
66,634,111,18,62,40,16,346,0.78,Low
88,116,60,3,63,24,13,310,0.75,High
66,554,114,13,69,45,17,307,0.73,Low
91,1,79,2,58,19,18,320,0.81,High
83,475,96,8,64,36,19,413,0.81,Medium
65,879,174,19,67,45,18,361,0.82,Low
78,168,77,0,56,24,12,456,0.86,High
73,385,99,6,57,31,19,386,0.9,Medium
62,686,138,18,65,42,16,422,0.81,Low
63,513,144,15,68,46,19,452,0.95,Low
95,80,48,3,71,19,15,442,0.75,High
63,651,153,16,61,49,17,444,0.8,Low
62,713,156,10,65,44,17,459,0.76,Low
93,9,53,3,59,19,18,400,0.94,High
93,102,79,0,68,15,18,411,0.74,High
93,43,80,0,60,16,17,357,0.75,High
87,239,75,9,69,39,15,446,0.8,Medium
50,895,112,11,55,48,14,360,0.77,Low
65,713,133,18,60,41,19,457,0.87,Low
64,599,122,13,55,47,19,334,0.86,Low
95,153,67,2,63,16,12,410,0.92,High
83,38,64,1,58,24,18,316,0.79,High
81,740,144,16,72,40,17,434,0.75,Low
72,808,116,10,70,40,16,368,0.81,Low
73,517,170,15,64,42,15,360,0.79,Low
103,81,70,2,71,15,16,456,0.85,High
90,175,40,0,66,17,19,478,0.76,High
73,233,124,6,56,38,14,419,0.76,Medium
104,121,81,1,74,17,14,456,0.9,High
100,18,71,1,66,20,19,336,0.91,High
82,429,106,7,72,34,17,305,0.93,Medium
87,167,85,2,60,15,19,347,0.73,High
71,576,175,12,62,41,17,426,0.8,Low
85,197,87,2,57,16,16,352,0.8,High
88,68,71,1,59,16,14,464,0.85,High
70,209,125,7,57,33,19,442,0.73,Medium
89,93,62,2,56,18,15,406,0.83,High
78,398,74,5,63,37,17,472,0.76,Medium
62,664,152,16,59,41,18,369,0.85,Low
94,105,87,2,63,20,15,446,0.86,High
89,37,68,3,55,17,16,362,0.72,High
106,102,72,3,73,23,12,430,0.79,High
79,173,71,0,56,16,12,458,0.78,High
55,544,173,15,58,41,17,465,0.77,Low
87,434,93,4,71,33,12,390,0.9,Medium
72,565,100,16,71,43,17,334,0.85,Low
54,500,164,10,58,42,17,337,0.79,Low
96,114,78,1,64,20,16,373,0.77,High
56,501,165,13,61,43,18,444,0.95,Low
98,69,42,2,71,20,16,428,0.89,High
63,782,139,19,68,42,14,407,0.87,Low
80,42,71,3,59,21,15,390,0.73,High
68,322,80,4,58,27,12,307,0.88,Medium
62,803,161,13,55,48,17,341,0.73,Low
56,544,145,16,57,44,16,407,0.81,Low
92,81,51,1,69,19,19,398,0.74,High
69,898,113,16,65,45,16,474,0.72,Low
70,880,173,10,72,41,18,413,0.89,Low
67,326,121,8,55,30,14,329,0.91,Medium
74,870,157,13,66,44,17,343,0.84,Low
64,876,135,13,67,47,14,349,0.8,Low
86,223,118,8,69,37,17,329,0.72,Medium
96,166,74,3,74,17,15,413,0.89,High
86,460,94,4,67,36,17,429,0.8,Medium
56,738,138,17,60,43,19,432,0.76,Low
78,84,48,1,57,15,12,338,0.83,High
67,398,125,6,55,33,17,358,0.83,Medium
63,737,177,18,61,45,16,463,0.76,Low
88,197,86,2,58,20,14,301,0.72,High
67,644,137,18,65,49,14,376,0.75,Low
97,135,49,0,67,15,18,331,0.79,High
89,53,60,0,62,20,16,474,0.94,High
72,354,90,7,59,30,12,303,0.74,Medium
64,587,114,14,57,46,17,325,0.8,Low
81,588,160,12,72,48,19,350,0.89,Low
92,126,66,1,70,23,12,359,0.76,High
92,143,72,0,66,20,16,360,0.74,High
61,784,151,18,59,49,19,315,0.85,Low
80,785,141,16,71,40,16,356,0.79,Low
84,202,113,8,68,39,19,424,0.75,Medium
100,51,86,1,67,19,17,334,0.87,High
86,19,56,2,61,19,18,373,0.82,High
75,340,128,4,63,36,19,382,0.7,Medium
54,597,118,16,55,46,13,308,0.88,Low
74,534,129,14,74,42,12,411,0.75,Low
88,365,74,7,72,26,19,446,0.78,Medium
81,732,169,14,74,44,19,421,0.94,Low
62,874,151,14,65,43,15,440,0.88,Low
58,859,174,11,56,47,17,354,0.84,Low
85,116,71,1,63,15,16,323,0.75,High
62,501,100,10,64,46,17,390,0.86,Low
69,306,86,8,58,27,16,315,0.76,Medium
54,739,109,16,58,48,17,313,0.95,Low
77,279,83,9,59,39,16,478,0.93,Medium
83,154,81,0,57,22,13,408,0.78,High
66,672,178,10,63,46,15,414,0.71,Low
75,475,87,8,65,30,12,379,0.83,Medium
99,141,40,3,66,20,15,479,0.74,High
85,233,81,6,67,26,13,429,0.72,Medium
66,764,126,11,71,44,15,407,0.82,Low
106,141,42,3,72,19,13,449,0.87,High
86,49,61,3,61,19,18,410,0.93,High
86,176,46,3,63,17,19,300,0.85,High
90,231,118,4,74,35,16,425,0.74,Medium
73,235,92,8,62,27,12,357,0.8,Medium
75,770,116,11,69,42,15,384,0.88,Low
86,67,67,2,62,17,15,391,0.9,High
93,120,67,3,66,20,13,336,0.84,High
83,447,96,7,69,28,16,346,0.89,Medium
78,740,130,14,74,40,12,447,0.87,Low
93,162,74,1,71,20,16,453,0.73,High
78,867,100,13,72,43,16,448,0.76,Low
93,116,80,0,62,16,12,391,0.89,High
100,3,71,2,73,17,12,415,0.93,High
94,154,40,3,70,21,19,312,0.95,High
70,826,168,19,72,45,19,448,0.71,Low
82,280,123,7,69,34,19,370,0.93,Medium
74,762,169,14,66,43,12,392,0.82,Low
81,426,92,7,67,33,15,411,0.71,Medium
74,390,125,5,56,37,12,331,0.9,Medium
71,222,104,6,58,36,13,376,0.72,Medium
68,508,119,12,69,49,17,458,0.89,Low
61,750,174,19,62,49,12,366,0.81,Low
81,71,86,0,59,20,14,462,0.92,High
64,596,155,13,63,40,12,388,0.92,Low
91,63,71,3,68,20,15,348,0.8,High
76,457,128,8,60,36,15,455,0.83,Medium
61,629,133,14,56,46,15,372,0.76,Low
84,144,89,0,61,17,12,459,0.85,High
79,270,106,8,60,36,16,309,0.72,Medium
59,537,178,15,58,47,18,458,0.81,Low
89,222,84,9,71,39,14,360,0.89,Medium
84,45,53,3,60,16,12,393,0.87,High
62,855,173,11,66,47,15,375,0.77,Low
83,305,112,5,68,32,14,451,0.71,Medium
98,111,40,2,66,19,18,404,0.94,High
86,233,78,5,71,26,18,329,0.79,Medium
51,766,161,13,55,42,15,436,0.8,Low
84,153,79,3,61,21,12,394,0.9,High
63,781,109,11,61,47,12,302,0.8,Low
70,820,142,18,74,49,13,444,0.92,Low
77,543,124,15,74,42,16,437,0.93,Low
99,153,77,2,68,17,17,310,0.78,High
66,524,110,10,70,40,14,393,0.83,Low
65,870,112,15,62,45,13,433,0.79,Low
93,98,60,2,62,18,14,393,0.79,High
67,836,110,11,66,46,14,308,0.94,Low
96,194,55,1,71,21,12,423,0.73,High
80,59,66,0,59,21,16,383,0.8,High
89,140,61,0,60,18,14,333,0.77,High
69,235,129,5,58,29,16,454,0.85,Medium
71,439,121,5,58,33,12,394,0.77,Medium
84,290,96,6,67,34,16,442,0.84,Medium
71,685,133,18,65,44,19,309,0.75,Low
86,21,56,0,63,23,15,436,0.79,High
95,179,44,0,66,15,14,416,0.91,High
66,563,147,15,67,43,18,356,0.9,Low
71,466,75,5,58,27,16,442,0.94,Medium
92,76,60,2,64,23,19,310,0.92,High
91,195,64,0,66,24,13,442,0.87,High
80,427,119,4,69,26,18,420,0.86,Medium
52,893,127,11,55,46,13,358,0.92,Low
90,25,54,0,61,22,19,357,0.77,High
72,809,133,13,64,46,14,310,0.94,Low
66,700,178,18,58,46,13,319,0.92,Low
80,101,62,2,60,22,14,456,0.81,High
73,580,143,12,64,47,17,369,0.86,Low
97,35,76,1,69,23,18,382,0.86,High
62,849,155,15,60,44,14,305,0.91,Low
70,391,113,8,56,38,12,371,0.84,Medium
71,455,80,8,58,38,18,366,0.77,Medium
87,301,119,9,73,28,17,413,0.8,Medium
87,467,109,6,68,30,15,441,0.9,Medium
68,644,177,16,69,48,12,321,0.83,Low
97,165,80,2,71,21,18,456,0.72,High
54,873,113,11,56,41,15,312,0.94,Low
70,219,88,8,58,25,12,317,0.87,Medium
99,13,47,0,72,24,13,373,0.89,High
85,483,78,8,73,38,18,414,0.83,Medium
59,825,154,13,58,44,12,435,0.93,Low
91,103,46,1,59,16,16,404,0.86,High
103,121,44,1,71,16,18,417,0.85,High
71,541,140,15,66,42,19,407,0.83,Low
82,523,172,12,74,49,13,396,0.88,Low
55,694,179,19,55,48,18,362,0.75,Low
69,400,113,8,58,38,12,384,0.89,Medium
98,16,50,3,69,22,17,315,0.75,High
57,646,116,11,58,41,16,376,0.71,Low
67,517,153,10,67,49,15,439,0.79,Low
63,544,117,12,67,42,17,435,0.88,Low
72,418,98,5,57,28,15,442,0.73,Medium
75,678,156,19,71,43,14,304,0.82,Low
84,486,123,4,71,39,12,400,0.83,Medium
73,867,121,18,70,49,19,329,0.85,Low
56,760,166,12,56,48,13,320,0.74,Low
74,395,73,7,63,25,13,463,0.75,Medium
80,268,80,8,61,38,19,450,0.72,Medium
78,317,119,9,60,39,14,343,0.95,Medium
69,891,118,12,64,47,18,389,0.71,Low
80,328,83,7,64,39,18,465,0.82,Medium
74,552,127,17,74,41,18,397,0.79,Low
56,829,164,14,58,47,18,408,0.74,Low
75,360,109,7,61,31,15,471,0.76,Medium
83,9,51,0,60,21,18,318,0.94,High
96,165,67,0,69,18,13,388,0.75,High
55,583,130,11,57,40,19,355,0.79,Low
64,815,165,16,65,49,16,348,0.83,Low
85,142,50,1,57,18,13,358,0.72,High
101,144,65,1,69,23,15,477,0.91,High
77,439,128,8,58,35,16,361,0.78,Medium
65,528,129,17,70,49,18,329,0.84,Low
103,55,44,2,71,19,15,334,0.74,High
64,590,163,16,55,44,13,303,0.79,Low
91,51,49,0,68,16,15,437,0.77,High
66,718,172,16,60,42,13,387,0.83,Low
90,184,68,3,62,22,18,304,0.8,High
58,810,105,18,63,42,13,346,0.76,Low
77,271,91,5,59,32,16,418,0.83,Medium
84,428,120,5,72,28,14,436,0.89,Medium
83,81,64,2,57,24,12,407,0.91,High
74,896,115,17,66,47,13,327,0.79,Low
92,7,67,2,67,22,18,405,0.95,High
84,379,109,6,70,38,16,322,0.92,Medium
89,14,69,1,65,22,14,314,0.91,High
76,661,141,13,69,49,18,397,0.93,Low
72,386,84,5,58,30,14,324,0.93,Medium
78,470,125,6,65,31,14,425,0.88,Medium
98,32,80,3,70,21,19,410,0.72,High
101,147,77,1,71,24,17,468,0.76,High
83,81,45,0,59,24,13,322,0.8,High
75,536,169,18,71,49,15,465,0.71,Low
94,138,76,1,71,22,18,466,0.76,High
83,388,106,7,64,28,15,447,0.79,Medium
58,756,157,10,62,45,14,443,0.87,Low
76,522,141,14,70,47,13,315,0.71,Low
64,520,128,12,62,48,18,395,0.91,Low
87,120,55,0,61,23,12,302,0.74,High
97,149,78,3,73,17,19,416,0.83,High
85,130,57,3,57,19,19,417,0.89,High
78,118,61,1,57,16,16,302,0.87,High
79,553,104,13,73,45,12,461,0.86,Low
91,34,48,2,71,20,18,325,0.71,High
88,51,80,1,57,15,13,413,0.79,High
84,206,87,7,65,26,19,393,0.84,Medium
69,894,159,19,62,45,14,449,0.75,Low
97,42,52,1,74,15,17,365,0.77,High
79,404,99,5,67,28,16,466,0.79,Medium
73,357,71,6,55,31,18,326,0.9,Medium
76,269,125,9,66,35,13,468,0.74,Medium
58,778,164,11,58,48,13,334,0.93,Low
63,830,135,18,59,45,19,336,0.9,Low
81,233,78,8,63,30,13,354,0.95,Medium
96,17,68,2,67,18,16,359,0.8,High
78,353,94,6,60,26,19,318,0.77,Medium
94,40,50,2,61,18,12,375,0.86,High
75,611,157,11,70,48,19,460,0.71,Low
74,215,90,8,55,28,14,348,0.73,Medium
89,170,74,3,61,22,17,353,0.71,High
91,82,79,1,57,19,13,391,0.72,High
89,134,82,3,59,16,18,412,0.88,High
85,256,83,5,72,33,16,306,0.75,Medium
66,865,126,13,66,46,18,383,0.78,Low
97,9,54,2,64,15,12,424,0.78,High
56,876,123,15,60,40,14,378,0.93,Low
96,40,54,2,65,23,17,453,0.83,High
84,156,66,1,61,16,18,339,0.71,High
84,279,124,5,74,35,17,463,0.94,Medium
78,496,109,6,61,27,18,386,0.8,Medium
75,283,91,8,63,35,18,309,0.85,Medium
78,257,96,9,61,33,14,343,0.87,Medium
90,190,64,1,60,17,13,478,0.7,High
91,67,87,1,58,19,13,317,0.8,High
89,119,54,3,69,17,15,354,0.71,High
73,679,137,12,64,47,19,475,0.88,Low
62,670,118,14,58,44,18,304,0.77,Low
68,586,176,12,61,43,18,458,0.93,Low
85,229,92,5,66,38,13,450,0.77,Medium
70,802,106,15,63,41,19,336,0.78,Low
85,223,124,4,74,29,16,386,0.85,Medium
96,172,63,2,64,17,13,408,0.76,High
102,49,49,1,74,20,17,392,0.93,High
61,591,110,12,60,47,14,408,0.93,Low
104,100,48,2,74,16,14,336,0.91,High
55,743,129,14,56,41,19,328,0.72,Low
79,96,87,2,56,20,17,477,0.75,High
73,376,113,9,55,37,15,386,0.71,Medium
71,328,71,6,55,36,16,472,0.8,Medium
77,814,163,15,71,47,18,356,0.85,Low
75,347,110,4,60,33,17,361,0.83,Medium
81,298,95,8,64,37,18,430,0.91,Medium
85,453,110,8,74,31,17,320,0.86,Medium
83,408,104,7,65,26,13,348,0.94,Medium
56,673,152,11,58,43,13,323,0.79,Low
91,307,78,4,74,28,14,327,0.91,Medium
97,174,64,3,65,23,12,310,0.81,High
76,257,97,9,61,26,17,419,0.78,Medium
92,166,46,3,63,17,14,318,0.83,High
53,582,119,15,58,48,19,385,0.74,Low
79,403,100,8,68,36,14,337,0.86,Medium
51,765,173,11,55,47,15,462,0.72,Low
89,431,115,8,73,25,14,362,0.73,Medium
68,362,104,7,57,34,17,434,0.77,Medium
88,175,57,3,65,18,12,385,0.83,High
89,143,47,3,68,17,18,338,0.88,High
96,153,41,2,62,15,18,477,0.81,High
83,390,99,6,73,34,15,423,0.88,Medium
70,791,155,13,73,48,14,335,0.84,Low
84,148,75,0,58,21,19,427,0.94,High
76,597,107,14,68,47,16,311,0.75,Low
91,122,63,2,59,15,12,473,0.71,High
84,279,117,4,68,39,18,369,0.72,Medium
72,782,158,13,65,42,15,454,0.94,Low
62,847,158,18,64,41,13,412,0.72,Low
104,124,51,2,71,21,14,425,0.86,High
72,289,122,5,61,39,14,403,0.91,Medium
86,197,53,0,64,22,19,388,0.85,High
75,401,97,7,65,30,17,466,0.9,Medium
96,34,55,2,71,16,17,416,0.73,High
58,500,142,16,60,47,15,359,0.74,Low
89,199,52,1,58,16,17,386,0.86,High
87,338,90,4,72,32,19,367,0.9,Medium
87,432,77,5,72,33,12,365,0.79,Medium
82,431,96,8,70,27,14,331,0.9,Medium
76,481,88,5,60,37,12,420,0.71,Medium
79,547,161,11,71,41,14,362,0.73,Low
67,732,173,12,66,42,12,463,0.82,Low
87,241,98,7,69,36,16,352,0.78,Medium
106,101,49,0,74,21,19,417,0.86,High
83,138,50,0,56,17,17,304,0.81,High
87,197,81,2,67,19,14,381,0.73,High
81,448,95,8,67,34,17,469,0.78,Medium
58,864,124,19,59,42,17,472,0.7,Low
81,159,53,0,55,23,18,358,0.72,High
79,235,82,9,69,28,18,327,0.79,Medium
75,534,178,15,68,43,17,460,0.84,Low
89,288,97,4,70,38,16,451,0.9,Medium
101,185,64,3,71,17,19,424,0.72,High
96,172,66,2,70,22,13,424,0.73,High
88,179,70,3,65,19,15,404,0.81,High
88,452,96,7,72,39,16,383,0.73,Medium
80,370,87,5,70,29,12,467,0.86,Medium
89,319,124,6,73,27,14,434,0.8,Medium
81,286,128,7,69,33,15,355,0.9,Medium
103,26,84,3,72,15,16,376,0.86,High
89,279,86,5,74,36,14,309,0.91,Medium
83,261,76,8,64,28,15,466,0.89,Medium
65,896,136,18,62,49,15,316,0.73,Low
89,6,58,2,62,18,16,403,0.81,High
72,238,99,5,58,31,13,444,0.79,Medium
101,157,62,1,67,24,18,458,0.9,High
79,160,82,3,55,20,17,342,0.93,High
58,758,101,13,55,45,15,333,0.78,Low
84,22,76,0,61,23,18,323,0.9,High
76,678,141,17,73,40,19,343,0.78,Low
98,123,51,0,70,22,14,300,0.9,High
65,730,110,17,59,44,19,304,0.8,Low
76,401,89,9,58,25,15,423,0.88,Medium
73,895,142,10,67,43,14,460,0.81,Low
79,615,174,17,74,47,19,308,0.81,Low
86,98,57,0,59,24,13,402,0.78,High
79,195,61,0,57,15,17,358,0.75,High
66,641,146,16,69,46,15,467,0.78,Low
92,28,74,0,68,18,16,347,0.74,High
92,149,60,1,70,20,17,417,0.89,High
81,862,102,12,72,43,17,471,0.92,Low
62,724,135,13,67,40,15,472,0.79,Low
89,87,51,3,69,20,16,305,0.89,High
97,5,75,2,72,21,17,439,0.92,High
95,155,81,1,74,23,17,380,0.74,High
71,574,119,14,62,44,13,338,0.79,Low
67,582,123,13,69,48,14,418,0.87,Low
83,254,81,6,69,39,19,351,0.93,Medium
80,366,119,6,62,37,16,304,0.76,Medium
99,33,83,1,68,22,18,474,0.78,High
75,265,85,8,62,30,14,317,0.86,Medium
90,80,74,0,65,17,15,302,0.73,High
85,411,122,7,69,25,18,370,0.93,Medium
79,262,81,4,66,39,12,383,0.95,Medium
73,698,122,15,65,43,14,387,0.84,Low
92,128,78,3,63,22,17,324,0.79,High
104,91,58,3,73,15,14,347,0.8,High
78,711,125,16,71,45,16,379,0.77,Low
70,607,154,13,67,49,13,305,0.82,Low
64,751,170,13,63,48,17,339,0.7,Low
79,354,95,8,66,37,13,391,0.92,Medium
104,72,67,3,74,16,13,387,0.76,High
70,816,162,13,73,43,12,329,0.82,Low
93,94,64,2,72,22,16,438,0.8,High
101,48,82,0,71,24,18,466,0.9,High
75,778,179,14,68,42,18,439,0.73,Low
80,19,55,3,58,17,19,461,0.86,High
72,581,116,13,73,45,14,448,0.72,Low
64,530,132,16,56,48,17,455,0.82,Low
82,352,76,5,64,32,14,463,0.92,Medium
78,174,65,0,56,21,12,375,0.92,High
81,226,82,4,63,36,16,464,0.87,Medium
77,364,100,6,67,31,15,308,0.77,Medium
63,876,101,12,67,49,13,350,0.78,Low
72,762,174,14,70,45,15,475,0.82,Low
102,16,57,3,68,17,19,332,0.82,High
71,566,116,18,67,40,14,311,0.82,Low
93,15,84,2,59,24,13,474,0.73,High
95,188,54,0,64,21,19,384,0.78,High
81,132,47,0,55,23,16,448,0.74,High
95,169,63,3,69,15,12,403,0.93,High
88,436,81,9,69,27,19,358,0.86,Medium
100,125,43,2,68,17,13,343,0.85,High
104,139,56,0,74,16,16,471,0.94,High
83,130,70,3,62,20,18,318,0.78,High
75,315,112,5,62,38,16,365,0.9,Medium
65,226,111,8,55,31,13,303,0.72,Medium
77,316,117,5,65,31,18,456,0.75,Medium
80,21,77,2,57,15,17,388,0.95,High
66,791,125,14,58,42,17,351,0.74,Low
73,709,142,18,68,42,15,469,0.86,Low
79,338,80,7,63,37,19,409,0.74,Medium
80,488,129,4,64,28,19,330,0.76,Medium
72,438,100,6,56,30,19,385,0.89,Medium
97,38,61,2,67,17,19,356,0.86,High
66,822,145,11,71,45,14,465,0.72,Low
77,371,72,5,67,36,16,374,0.78,Medium
77,430,108,5,65,32,13,423,0.8,Medium
68,576,165,15,66,46,16,350,0.82,Low
92,194,66,2,64,23,15,427,0.76,High
100,80,64,1,69,18,14,317,0.71,High
57,605,161,11,60,44,13,435,0.94,Low
100,13,87,3,71,19,14,473,0.92,High
82,637,106,13,74,42,14,339,0.92,Low
97,151,48,2,68,24,15,367,0.84,High
72,738,111,12,71,41,19,348,0.7,Low
75,382,103,4,58,30,14,316,0.74,Medium
59,579,156,13,62,45,19,443,0.84,Low
55,506,112,14,56,48,13,417,0.78,Low
75,226,88,8,56,34,15,416,0.83,Medium
78,362,76,5,64,35,13,449,0.92,Medium
77,234,74,4,58,31,16,310,0.93,Medium
72,822,117,17,74,41,15,445,0.84,Low
82,277,117,6,71,34,15,413,0.9,Medium
64,840,150,18,63,44,18,420,0.76,Low
99,188,43,0,69,16,18,332,0.94,High
58,611,130,15,59,41,12,425,0.79,Low
70,642,134,19,61,46,18,432,0.85,Low
97,22,50,0,71,22,18,469,0.75,High
64,855,164,15,57,47,16,322,0.84,Low
86,60,78,1,64,17,18,402,0.7,High
59,637,122,13,57,41,12,455,0.91,Low
100,73,78,2,70,16,12,387,0.82,High
71,416,77,8,60,28,19,371,0.72,Medium
79,267,112,9,65,33,17,464,0.71,Medium
76,636,122,16,67,47,16,465,0.78,Low
91,378,106,5,72,39,19,478,0.73,Medium
72,485,96,8,57,36,18,416,0.92,Medium
91,6,75,0,70,15,18,418,0.92,High
71,649,147,14,65,44,14,348,0.76,Low
81,493,113,8,66,27,16,479,0.74,Medium
64,591,101,15,68,46,13,325,0.72,Low
69,615,168,16,73,46,14,310,0.88,Low
77,457,86,6,61,26,12,439,0.92,Medium
84,241,98,8,74,27,16,469,0.79,Medium
84,495,80,5,69,37,19,430,0.89,Medium
79,374,102,8,67,38,18,400,0.71,Medium
72,820,178,17,70,43,19,352,0.79,Low
56,577,145,18,58,43,18,316,0.8,Low
72,701,165,11,66,47,19,382,0.75,Low
80,466,106,9,70,38,18,410,0.93,Medium
67,873,150,19,72,45,17,367,0.91,Low
60,670,139,18,55,46,13,433,0.75,Low
63,574,137,12,58,44,17,433,0.83,Low
73,797,144,12,67,45,15,314,0.88,Low
68,577,149,17,60,47,18,394,0.91,Low
77,471,89,9,60,39,19,354,0.78,Medium
73,380,92,9,58,27,14,423,0.93,Medium
74,203,127,8,58,31,16,373,0.88,Medium
94,64,49,2,71,23,14,477,0.72,High
88,147,77,0,64,15,16,396,0.78,High
80,159,62,0,55,15,13,407,0.86,High
67,689,124,17,72,46,12,359,0.82,Low
106,22,70,1,74,24,18,414,0.85,High
65,858,132,17,68,46,12,479,0.86,Low
90,182,81,2,68,20,19,391,0.95,High
87,38,79,2,63,22,17,319,0.92,High
101,182,49,2,72,21,18,434,0.82,High
85,104,89,0,61,19,16,415,0.82,High
103,120,62,1,69,17,19,360,0.82,High
68,677,137,10,62,48,19,479,0.8,Low
60,540,104,11,55,41,16,457,0.71,Low
100,84,62,0,66,16,14,448,0.82,High
84,64,87,1,62,22,13,308,0.91,High
71,342,85,5,61,28,12,411,0.81,Medium
92,139,47,2,71,16,12,391,0.92,High
91,96,77,2,59,21,19,411,0.79,High
68,888,167,16,64,41,12,365,0.83,Low
84,246,119,7,71,38,18,455,0.7,Medium
63,556,140,15,62,41,16,466,0.95,Low
79,158,68,0,57,15,13,353,0.9,High
66,391,110,9,56,33,13,430,0.77,Medium
98,62,65,1,68,24,19,466,0.83,High
80,556,169,12,74,43,18,452,0.76,Low
66,851,160,10,63,48,19,329,0.75,Low
105,146,78,2,74,18,13,432,0.9,High
87,158,75,0,66,24,16,373,0.8,High
78,541,146,17,72,45,17,352,0.85,Low
51,890,103,16,56,49,15,377,0.9,Low
80,566,129,14,71,49,15,384,0.84,Low
62,890,104,12,59,49,19,466,0.8,Low
54,689,167,13,55,43,13,457,0.81,Low
80,10,62,2,59,23,19,405,0.88,High
65,688,116,18,69,47,14,313,0.9,Low
76,305,128,7,62,29,15,412,0.8,Medium
67,863,167,14,67,46,15,312,0.71,Low
78,279,116,8,65,38,13,392,0.85,Medium
72,217,103,9,57,27,13,384,0.91,Medium
75,455,81,4,56,27,12,418,0.85,Medium
102,141,63,0,68,19,13,381,0.85,High
96,155,64,2,69,20,19,323,0.7,High
68,451,112,7,55,33,15,479,0.91,Medium
89,256,72,8,73,28,15,400,0.9,Medium
55,530,165,14,57,44,14,476,0.94,Low
93,35,41,2,65,18,14,421,0.92,High
65,680,102,18,60,47,19,338,0.83,Low
81,304,118,8,64,36,15,430,0.71,Medium
84,320,107,6,66,34,18,410,0.81,Medium
73,799,135,12,71,45,15,466,0.92,Low
79,383,100,5,61,26,18,331,0.81,Medium
76,285,113,5,64,30,14,394,0.77,Medium
69,896,126,11,60,41,19,449,0.74,Low
77,622,107,14,71,46,16,437,0.81,Low
91,54,57,2,70,15,14,429,0.72,High
77,471,105,8,63,37,15,434,0.94,Medium
84,209,93,6,72,39,19,467,0.73,Medium
61,655,176,15,59,43,13,389,0.87,Low
81,162,69,3,55,22,15,438,0.77,High
68,241,107,8,55,31,13,462,0.94,Medium
84,406,94,9,73,26,14,426,0.89,Medium
76,316,105,8,62,30,12,431,0.87,Medium
62,640,143,17,62,45,13,474,0.7,Low
77,370,75,4,67,28,16,335,0.86,Medium
68,724,153,14,69,42,19,351,0.76,Low
85,173,65,3,59,17,13,334,0.78,High
83,186,76,0,59,18,16,343,0.78,High
96,182,82,0,62,24,18,321,0.93,High
90,141,76,0,58,20,19,399,0.87,High
77,454,91,8,63,26,14,328,0.85,Medium
74,281,79,5,62,25,12,417,0.86,Medium
76,271,128,8,62,25,13,392,0.92,Medium
71,408,119,5,60,39,15,382,0.9,Medium
94,41,49,1,68,18,17,433,0.9,High
85,289,75,4,74,35,16,400,0.83,Medium
102,27,63,2,73,18,18,345,0.88,High
52,696,162,17,55,49,13,361,0.83,Low
92,108,68,0,61,16,12,420,0.71,High
69,308,76,5,55,27,16,323,0.8,Medium
77,861,125,11,72,43,17,419,0.8,Low
88,227,76,9,69,37,13,405,0.88,Medium
92,185,72,0,66,21,14,427,0.8,High
62,714,101,15,56,41,16,448,0.81,Low
67,336,122,8,57,36,16,426,0.76,Medium
64,544,123,17,57,44,13,328,0.75,Low
69,251,116,6,56,37,19,428,0.94,Medium
83,447,127,5,65,30,17,355,0.91,Medium
80,693,151,16,73,44,16,377,0.95,Low
79,443,98,7,69,39,17,338,0.93,Medium
60,795,141,12,56,42,19,415,0.95,Low
82,454,108,6,63,34,12,399,0.75,Medium
82,263,81,6,68,32,18,330,0.85,Medium
72,335,76,8,58,29,16,363,0.93,Medium
95,5,58,3,74,23,12,333,0.84,High
103,194,77,0,71,20,13,330,0.89,High
79,429,113,6,60,37,12,479,0.83,Medium
83,305,97,7,71,37,14,472,0.72,Medium
59,773,146,13,55,49,19,456,0.77,Low
72,477,83,5,61,27,18,336,0.92,Medium
81,284,79,6,66,39,15,328,0.74,Medium
68,585,120,15,67,43,17,452,0.89,Low
100,43,86,3,72,19,15,477,0.74,High
89,61,63,1,57,21,15,326,0.92,High
85,209,116,7,69,36,17,328,0.72,Medium
64,683,148,11,68,40,19,354,0.94,Low
62,526,147,16,56,44,15,396,0.72,Low
82,3,76,2,59,20,16,435,0.71,High
91,126,81,1,60,17,16,411,0.8,High
61,701,119,10,57,45,14,409,0.88,Low
76,769,138,14,67,43,17,422,0.93,Low
103,72,68,2,73,24,15,433,0.84,High
88,2,83,3,65,20,19,318,0.78,High
73,602,136,11,73,41,12,422,0.79,Low
50,817,106,16,55,47,18,324,0.87,Low
78,405,113,6,65,26,16,342,0.85,Medium
93,16,54,0,59,20,16,398,0.75,High
68,761,166,14,69,40,15,467,0.8,Low
69,700,135,15,74,46,14,465,0.86,Low
92,148,73,1,59,23,17,355,0.77,High
62,756,158,19,58,43,16,341,0.76,Low
101,170,40,1,74,24,16,407,0.85,High
79,318,111,7,62,31,14,441,0.72,Medium
86,440,94,7,70,29,19,357,0.89,Medium
84,14,40,2,59,21,15,372,0.9,High
93,71,60,0,67,15,13,418,0.91,High
68,786,119,12,71,41,17,401,0.94,Low
61,827,100,18,64,47,13,424,0.84,Low
58,832,109,15,59,43,13,416,0.78,Low
77,725,115,17,73,41,13,353,0.79,Low
59,562,171,16,64,48,18,334,0.8,Low
84,358,101,4,70,31,16,322,0.9,Medium
87,159,53,0,61,22,19,404,0.9,High
85,254,112,8,67,25,17,332,0.95,Medium
85,132,85,2,64,17,18,385,0.79,High
75,483,122,5,59,26,17,423,0.79,Medium
74,257,86,9,59,38,18,325,0.9,Medium
103,144,52,0,70,23,16,364,0.85,High
82,400,123,4,65,34,13,461,0.88,Medium
89,67,66,1,58,21,15,348,0.84,High
75,843,126,17,70,44,14,377,0.72,Low
70,848,109,11,71,42,19,321,0.78,Low
88,88,87,3,58,15,16,425,0.88,High
95,151,81,2,72,17,15,352,0.87,High
75,358,121,7,60,33,19,420,0.91,Medium
61,870,178,18,58,44,13,322,0.82,Low
52,518,161,11,57,48,17,449,0.79,Low
83,170,70,3,63,18,18,394,0.95,High
79,231,99,9,69,38,16,426,0.86,Medium
77,200,89,4,62,28,18,385,0.84,Medium
72,622,101,13,74,48,14,440,0.91,Low
67,584,105,12,67,48,18,385,0.95,Low
82,388,111,4,71,25,19,343,0.86,Medium
90,413,106,9,74,37,17,372,0.83,Medium
97,97,47,1,63,17,19,445,0.93,High
80,856,166,19,73,47,15,427,0.91,Low
69,549,139,12,67,47,17,396,0.71,Low
104,117,57,0,71,18,13,335,0.85,High
94,155,46,2,61,16,19,401,0.9,High
66,604,123,17,71,42,16,430,0.94,Low
85,120,72,2,55,24,18,432,0.7,High
74,270,83,4,62,28,12,321,0.85,Medium
88,120,54,1,59,22,13,306,0.94,High
105,140,53,1,71,23,18,459,0.71,High
89,178,41,3,62,24,18,385,0.71,High
96,154,77,3,74,15,16,459,0.91,High
56,660,140,17,55,40,14,476,0.88,Low
72,304,87,8,57,35,16,468,0.78,Medium
55,613,146,11,57,49,13,353,0.75,Low
84,163,60,3,57,21,15,345,0.88,High
90,57,67,3,63,17,12,443,0.74,High
101,81,73,3,71,20,17,330,0.74,High
93,115,49,3,72,16,13,370,0.73,High
108,68,89,3,74,23,16,379,0.74,High
71,289,85,8,57,39,15,410,0.81,Medium
82,460,72,7,65,34,17,331,0.72,Medium
64,680,105,10,64,44,17,314,0.73,Low
90,60,62,2,65,15,14,442,0.93,High
81,822,166,10,72,43,18,433,0.74,Low
79,454,123,6,63,38,13,446,0.91,Medium
92,108,80,3,63,19,17,357,0.81,High
97,37,56,2,64,21,13,314,0.83,High
85,31,77,0,57,17,18,381,0.9,High
91,187,84,3,71,18,14,479,0.87,High
77,450,72,5,59,30,19,311,0.81,Medium
89,25,87,0,61,16,18,410,0.93,High
70,640,138,17,68,41,14,386,0.76,Low
74,771,112,16,65,45,19,440,0.88,Low
60,736,118,18,63,44,19,334,0.71,Low
89,188,67,3,67,19,14,330,0.91,High
63,721,143,12,56,44,14,310,0.74,Low
78,298,111,9,63,34,13,363,0.85,Medium
82,22,62,0,59,23,17,316,0.9,High
87,117,44,2,66,21,19,332,0.77,High
75,235,92,5,57,26,14,342,0.73,Medium
85,82,83,3,65,21,14,453,0.75,High
84,289,115,8,71,28,14,408,0.9,Medium
78,43,69,3,57,22,19,378,0.81,High
83,226,113,6,67,31,16,310,0.93,Medium
71,426,114,4,60,30,14,456,0.8,Medium
74,375,73,9,59,32,18,388,0.82,Medium
100,140,45,1,70,22,17,468,0.78,High
99,77,47,0,70,19,13,444,0.78,High
66,585,121,13,64,40,18,396,0.75,Low
76,381,106,5,66,35,16,384,0.71,Medium
68,567,143,19,60,49,18,405,0.75,Low
98,29,62,3,67,21,16,346,0.73,High
87,187,78,0,57,18,12,374,0.84,High
92,193,84,2,66,22,19,321,0.88,High
58,774,101,16,55,42,12,451,0.71,Low
76,808,151,10,69,49,12,337,0.83,Low
92,90,85,1,63,22,13,330,0.87,High
77,659,144,10,73,49,19,391,0.73,Low
66,561,127,13,67,42,14,392,0.74,Low
83,279,115,7,69,32,15,424,0.83,Medium
73,757,144,19,64,43,16,385,0.71,Low
93,252,110,5,74,30,17,430,0.82,Medium
90,64,65,1,62,22,16,436,0.81,High
74,319,122,6,60,30,12,477,0.88,Medium
83,200,70,8,68,38,16,324,0.78,Medium
82,870,124,18,74,48,13,461,0.87,Low
73,480,99,5,60,31,13,325,0.92,Medium
78,319,104,9,64,37,18,352,0.73,Medium
92,190,72,0,72,16,12,329,0.84,High
58,875,172,14,58,40,13,355,0.82,Low
80,349,75,4,70,36,17,336,0.73,Medium
99,194,49,2,71,16,16,389,0.74,High
72,622,112,15,73,48,19,374,0.72,Low
69,883,120,14,65,47,14,454,0.8,Low
102,160,60,2,71,18,16,304,0.86,High
86,211,121,8,67,29,15,478,0.7,Medium
71,327,107,7,57,38,16,319,0.77,Medium
72,532,134,18,69,47,18,379,0.75,Low
80,574,166,11,71,42,13,352,0.9,Low
105,172,43,1,74,22,15,463,0.71,High
62,602,145,14,64,44,15,318,0.82,Low
66,746,143,16,64,48,15,327,0.89,Low
76,484,75,5,61,35,18,343,0.94,Medium
66,298,100,6,55,28,12,411,0.72,Medium
98,40,80,2,67,15,13,369,0.91,High
92,134,77,0,61,20,16,313,0.84,High
66,844,101,18,71,46,12,357,0.87,Low
60,825,123,15,58,40,12,386,0.87,Low
87,7,42,1,56,23,18,459,0.94,High
56,716,166,11,56,41,19,357,0.84,Low
74,252,110,6,55,32,18,420,0.82,Medium
93,103,56,0,63,20,16,452,0.82,High
57,719,134,15,58,41,14,305,0.89,Low
86,37,48,0,56,19,18,449,0.83,High
87,315,111,8,71,35,18,377,0.7,Medium
86,356,98,9,67,29,19,375,0.75,Medium
73,874,134,16,66,44,19,377,0.79,Low
58,623,116,18,62,47,16,478,0.78,Low
73,678,140,17,70,42,16,352,0.94,Low
79,324,84,4,66,27,19,372,0.87,Medium
71,286,114,6,61,30,19,340,0.79,Medium
60,648,165,17,56,47,13,416,0.76,Low
72,538,101,12,71,41,14,316,0.94,Low
87,249,114,4,69,27,14,466,0.81,Medium
83,306,80,4,64,32,18,345,0.8,Medium
94,145,89,3,68,22,18,400,0.87,High
79,349,74,7,62,29,12,346,0.93,Medium
65,767,108,19,56,44,16,324,0.7,Low
95,6,69,1,68,16,13,389,0.88,High
79,265,124,8,68,32,17,342,0.73,Medium
78,708,161,10,74,41,16,383,0.71,Low
72,536,102,11,74,47,17,369,0.92,Low
66,508,135,14,58,47,14,317,0.73,Low
72,693,126,17,74,49,17,392,0.94,Low
101,193,88,1,74,23,15,392,0.95,High
74,650,129,18,70,47,17,459,0.83,Low
55,561,107,14,57,40,16,436,0.79,Low
69,710,117,13,72,47,18,479,0.85,Low
64,868,155,10,62,43,15,459,0.79,Low
63,637,118,19,55,41,19,326,0.75,Low
86,325,85,9,67,33,17,312,0.95,Medium
83,250,124,9,66,31,16,477,0.73,Medium
92,316,85,8,73,28,12,330,0.79,Medium
73,299,86,4,59,38,17,302,0.82,Medium
79,446,104,5,64,25,15,383,0.8,Medium
84,22,72,2,55,22,15,408,0.88,High
85,86,57,2,61,18,16,461,0.84,High
107,91,66,3,73,15,14,418,0.73,High
55,870,153,13,60,43,12,341,0.71,Low
74,441,85,4,61,36,14,348,0.86,Medium
76,850,142,19,71,46,16,456,0.81,Low
81,335,125,6,66,28,14,334,0.79,Medium
94,114,51,2,67,21,18,335,0.77,High
65,838,150,14,56,42,15,321,0.86,Low
75,734,168,19,72,46,16,453,0.78,Low
94,72,80,2,63,24,16,414,0.93,High
64,774,174,11,62,49,16,455,0.94,Low
90,117,78,2,60,18,17,325,0.75,High
99,22,75,1,70,22,14,360,0.79,High
68,619,162,17,62,42,19,405,0.75,Low
75,490,101,5,64,25,16,307,0.81,Medium
100,88,73,0,69,24,12,465,0.85,High
103,155,60,3,72,18,16,433,0.8,High
68,897,163,17,67,49,18,300,0.75,Low
63,511,131,10,65,49,15,452,0.94,Low
66,795,128,13,71,43,13,327,0.88,Low
51,795,157,19,56,40,18,345,0.82,Low
72,306,117,5,59,39,13,428,0.84,Medium
72,330,125,8,59,31,17,326,0.74,Medium
71,588,114,19,70,49,16,449,0.86,Low
93,71,86,0,64,22,15,373,0.78,High
88,74,48,1,64,20,16,434,0.73,High
95,180,64,3,65,17,16,381,0.76,High
105,52,62,3,73,19,14,320,0.71,High
91,36,88,2,57,15,17,445,0.74,High
69,468,126,5,57,27,16,449,0.73,Medium
66,528,159,12,62,44,19,394,0.85,Low
88,6,85,3,66,15,15,467,0.83,High
103,176,66,1,74,24,16,375,0.83,High
86,293,114,5,68,27,13,328,0.83,Medium
87,418,97,9,73,34,16,397,0.79,Medium
88,157,69,1,64,24,16,345,0.8,High
97,51,46,2,70,22,17,330,0.74,High
79,300,95,7,63,30,15,460,0.71,Medium
83,718,141,17,74,40,14,356,0.72,Low
62,666,143,10,67,45,15,447,0.93,Low
68,840,157,12,62,48,14,368,0.85,Low
73,634,106,17,70,40,19,330,0.94,Low
90,24,78,3,65,17,19,324,0.78,High
77,510,171,19,68,41,15,366,0.89,Low
94,42,79,0,69,21,14,329,0.73,High
56,589,125,13,61,42,12,395,0.81,Low
70,603,142,10,63,47,18,312,0.79,Low
67,838,158,13,58,46,16,388,0.71,Low
82,259,82,9,68,32,15,385,0.75,Medium
63,892,179,13,56,41,12,381,0.93,Low
74,587,102,12,71,40,13,450,0.94,Low
81,428,105,8,63,32,13,359,0.91,Medium
70,302,94,5,56,29,15,356,0.8,Medium
62,540,143,12,61,46,13,424,0.8,Low
70,579,137,15,62,47,13,408,0.78,Low
77,169,77,2,56,17,14,324,0.91,High
63,616,116,12,67,49,17,441,0.82,Low
74,673,121,13,74,47,16,399,0.8,Low
78,329,94,9,65,38,17,365,0.85,Medium
58,659,122,17,58,44,12,390,0.88,Low
69,732,132,18,64,48,16,366,0.75,Low
96,106,84,2,72,15,18,387,0.77,High
86,114,76,3,66,21,15,440,0.81,High
77,252,78,4,67,37,16,354,0.82,Medium
94,115,44,0,71,20,15,384,0.94,High
97,134,71,3,71,19,16,406,0.75,High
90,126,71,3,68,18,14,307,0.9,High
69,765,105,16,71,44,18,311,0.83,Low
63,613,162,12,57,45,17,444,0.73,Low
67,846,165,13,69,46,19,361,0.85,Low
99,88,64,3,72,20,18,331,0.89,High
76,534,152,13,72,45,12,422,0.84,Low
81,171,59,1,60,23,13,444,0.75,High
74,864,144,10,66,47,16,401,0.78,Low
81,355,113,7,71,30,17,382,0.75,Medium
70,478,104,5,57,30,15,324,0.93,Medium
67,212,108,7,55,35,14,449,0.71,Medium
57,782,120,18,57,44,13,412,0.7,Low
103,33,55,2,74,18,17,428,0.82,High
69,559,169,19,65,42,17,382,0.95,Low
72,718,155,10,66,43,13,443,0.8,Low
51,718,162,10,55,44,17,316,0.82,Low
85,465,121,7,66,27,16,377,0.92,Medium
70,527,106,17,62,46,18,382,0.9,Low
77,477,96,8,59,38,15,316,0.77,Medium
74,206,92,4,63,35,14,441,0.78,Medium
87,228,88,4,69,34,12,354,0.94,Medium
100,141,58,0,69,17,19,400,0.8,High
82,624,128,12,74,42,13,439,0.72,Low
51,695,175,19,55,42,15,429,0.87,Low
62,873,117,15,61,41,17,368,0.72,Low
78,862,103,10,70,43,12,443,0.75,Low
68,554,137,12,59,48,19,418,0.9,Low
67,637,143,15,64,42,15,306,0.94,Low
67,756,113,12,63,49,18,474,0.75,Low
81,332,101,4,67,37,12,366,0.81,Medium
83,94,45,2,63,23,14,356,0.82,High
66,772,154,14,71,45,14,340,0.87,Low
79,515,152,15,73,40,15,391,0.91,Low
74,322,100,4,56,32,15,414,0.82,Medium
80,389,90,8,68,34,15,351,0.83,Medium
51,561,142,14,56,48,15,385,0.92,Low
64,890,110,18,61,40,18,341,0.91,Low
97,90,59,2,70,19,12,365,0.84,High
86,163,79,1,63,20,15,378,0.8,High
65,885,153,11,69,42,16,375,0.92,Low
82,56,82,2,62,17,18,363,0.75,High
84,499,100,6,72,35,14,444,0.75,Medium
51,738,141,13,56,49,13,305,0.84,Low
67,780,164,14,61,40,13,305,0.75,Low
65,825,131,14,59,42,17,462,0.73,Low
85,202,75,9,67,32,13,422,0.74,Medium
85,315,103,6,71,31,14,382,0.75,Medium
94,121,49,3,71,16,16,307,0.91,High
78,540,161,11,73,43,14,410,0.93,Low
91,165,72,0,59,15,18,445,0.93,High
76,284,100,4,60,37,17,434,0.72,Medium
84,68,74,1,56,20,17,379,0.88,High
65,789,108,19,70,49,19,323,0.84,Low
69,673,140,17,69,41,19,408,0.84,Low
81,505,177,16,72,45,15,426,0.76,Low
86,80,71,0,63,17,15,441,0.71,High
71,390,124,6,59,35,12,472,0.71,Medium
82,236,83,8,70,39,12,351,0.9,Medium
91,19,74,1,65,17,15,427,0.85,High
88,0,70,2,64,21,16,307,0.81,High
87,10,84,2,57,20,14,353,0.71,High
67,462,94,9,56,28,12,351,0.76,Medium
85,244,103,8,73,35,18,475,0.86,Medium
71,861,127,12,65,47,17,380,0.88,Low
66,731,157,15,57,46,16,308,0.86,Low
105,89,64,3,74,22,18,420,0.91,High
71,835,125,12,69,40,15,436,0.76,Low
74,239,74,9,63,38,14,361,0.92,Medium
70,884,138,16,72,49,16,357,0.84,Low
89,61,66,2,66,23,12,394,0.73,High
87,373,114,8,70,35,13,442,0.76,Medium
63,503,100,17,62,40,17,422,0.71,Low
93,155,52,0,66,17,17,359,0.79,High
85,173,57,0,61,16,17,364,0.87,High
58,801,159,15,59,47,12,409,0.76,Low
63,685,156,10,55,45,16,420,0.72,Low
92,116,49,1,63,21,15,322,0.84,High
97,157,79,3,64,16,15,476,0.76,High
71,639,177,16,62,40,19,408,0.91,Low
77,424,80,6,67,33,19,330,0.72,Medium
68,481,123,6,56,27,13,476,0.82,Medium
93,41,52,0,65,19,14,367,0.73,High
53,602,132,10,57,46,17,451,0.79,Low
91,35,60,0,62,18,15,477,0.79,High
76,366,101,9,64,36,12,438,0.94,Medium
76,269,127,8,66,39,15,325,0.91,Medium
90,39,69,0,69,21,12,399,0.79,High
65,611,138,13,67,40,15,451,0.85,Low
91,236,88,6,73,35,16,335,0.84,Medium
72,495,93,5,61,39,16,439,0.8,Medium
93,12,75,1,72,22,15,453,0.73,High
88,377,85,7,73,26,15,372,0.72,Medium
74,249,89,9,64,28,16,445,0.94,Medium
83,318,110,8,69,28,19,312,0.74,Medium
87,458,118,6,72,25,14,343,0.74,Medium
87,167,56,1,60,22,16,337,0.87,High
85,2,40,3,59,23,14,446,0.92,High
55,838,116,15,60,42,16,439,0.85,Low
95,149,53,3,72,22,19,333,0.79,High
83,209,111,6,67,36,19,413,0.82,Medium
89,6,85,1,63,23,16,346,0.8,High
58,588,105,10,56,43,15,462,0.92,Low
71,219,102,5,56,26,17,378,0.92,Medium
105,60,62,1,73,19,14,326,0.92,High
85,278,121,5,66,37,15,357,0.83,Medium
64,699,170,13,61,49,18,475,0.92,Low
84,256,112,8,73,39,16,359,0.84,Medium
78,167,77,0,56,19,14,339,0.72,High
63,773,172,17,62,48,13,417,0.74,Low
67,744,103,13,64,48,19,396,0.9,Low
79,303,113,8,69,33,12,438,0.84,Medium
76,796,170,18,68,45,12,452,0.95,Low
83,80,40,0,62,17,17,341,0.8,High
70,235,88,9,57,25,13,471,0.91,Medium
76,188,69,2,56,21,13,377,0.87,High
94,110,57,2,72,15,18,425,0.74,High
76,62,66,0,55,16,12,324,0.94,High
77,488,129,8,58,36,14,324,0.9,Medium
68,810,140,10,69,43,16,374,0.95,Low
67,652,173,11,59,45,13,446,0.94,Low
79,467,117,4,66,36,15,382,0.73,Medium
58,557,147,15,63,41,14,414,0.73,Low
76,455,120,9,64,28,14,412,0.78,Medium
64,524,102,14,56,40,17,363,0.72,Low
74,209,94,4,57,37,18,417,0.81,Medium
86,266,124,4,68,35,16,465,0.93,Medium
90,36,44,1,63,20,14,329,0.87,High
82,463,103,9,65,37,16,358,0.9,Medium
53,588,133,16,56,49,14,338,0.9,Low
83,307,82,7,72,26,17,332,0.89,Medium
98,113,79,3,64,21,15,369,0.91,High
78,415,77,5,63,35,16,409,0.8,Medium
71,302,105,8,56,28,12,420,0.8,Medium
68,707,159,15,69,45,14,356,0.77,Low
70,421,100,6,60,37,12,403,0.73,Medium
101,22,75,2,69,16,16,346,0.83,High
77,368,90,9,59,28,14,428,0.75,Medium
85,380,125,9,73,32,14,420,0.95,Medium
72,789,111,14,71,47,14,417,0.93,Low
87,359,83,5,71,30,18,321,0.94,Medium
83,322,117,8,72,28,19,328,0.8,Medium
89,26,40,3,57,23,19,431,0.86,High
97,189,60,1,69,22,14,309,0.81,High
73,302,112,7,63,34,15,371,0.94,Medium
74,220,123,4,64,35,12,479,0.81,Medium
51,560,131,15,55,40,14,321,0.95,Low
75,324,71,7,64,34,19,445,0.87,Medium
89,122,52,3,56,18,19,428,0.77,High
73,615,129,12,69,42,12,397,0.86,Low
74,331,74,6,60,28,18,406,0.73,Medium
81,365,126,9,62,32,16,425,0.79,Medium
79,213,90,4,61,35,15,445,0.93,Medium
83,241,122,4,65,32,18,458,0.79,Medium
76,238,84,5,61,37,17,321,0.83,Medium
90,169,53,3,66,24,17,440,0.83,High
98,164,44,3,66,24,13,393,0.8,High
87,182,89,0,59,19,19,301,0.77,High
103,176,73,2,73,21,19,393,0.7,High
88,198,40,3,65,23,16,344,0.73,High
88,276,117,7,71,25,14,415,0.72,Medium
97,11,79,2,64,16,19,423,0.89,High
95,116,87,0,66,17,14,342,0.91,High
72,210,79,8,60,25,14,477,0.72,Medium
83,223,88,6,70,32,18,420,0.88,Medium
73,548,118,16,73,47,14,447,0.82,Low
82,250,101,6,72,32,13,373,0.78,Medium
84,409,124,6,73,37,17,316,0.78,Medium
90,338,96,4,72,36,14,323,0.93,Medium
87,344,110,7,68,36,12,325,0.77,Medium
100,13,84,1,73,19,12,377,0.83,High
62,567,150,18,66,46,18,389,0.79,Low
71,670,167,14,63,48,15,362,0.8,Low
91,307,115,8,72,33,16,406,0.92,Medium
87,374,72,5,74,30,17,419,0.72,Medium
93,118,41,3,60,18,18,378,0.76,High
76,210,82,8,59,30,14,412,0.89,Medium
85,324,125,4,71,33,14,477,0.74,Medium
81,779,167,13,73,47,12,356,0.91,Low
79,83,87,0,57,23,14,354,0.88,High
64,821,167,13,66,48,16,358,0.83,Low
69,661,115,11,69,47,14,315,0.81,Low
70,486,117,6,58,31,17,365,0.79,Medium
70,434,79,8,58,31,16,409,0.85,Medium
84,349,94,6,74,35,14,354,0.71,Medium
82,138,59,1,57,16,12,389,0.93,High
72,856,147,10,68,44,12,312,0.8,Low
89,157,87,0,57,15,12,334,0.82,High
97,117,54,1,67,24,17,369,0.7,High
101,130,42,1,72,17,14,472,0.82,High
67,585,174,16,66,44,14,433,0.73,Low
69,835,154,19,63,46,12,327,0.76,Low
80,413,129,4,62,35,16,464,0.81,Medium
71,629,178,14,65,47,17,395,0.84,Low
78,480,114,9,59,26,14,439,0.77,Medium
70,880,162,15,74,47,16,436,0.86,Low
86,80,41,1,64,24,17,479,0.75,High
73,390,79,4,57,29,16,466,0.9,Medium
83,412,72,6,73,36,16,395,0.9,Medium
98,118,58,3,70,21,15,473,0.89,High
101,155,49,0,73,18,12,363,0.9,High
77,419,87,4,67,33,14,386,0.87,Medium
82,492,91,7,72,27,12,302,0.89,Medium
90,86,70,2,58,23,19,328,0.93,High
92,42,87,2,64,21,13,335,0.84,High
83,836,110,11,74,44,18,474,0.9,Low
73,549,135,19,70,40,16,384,0.71,Low
75,424,108,6,57,34,16,304,0.78,Medium
76,599,166,13,67,44,16,391,0.75,Low
74,253,84,6,64,32,16,436,0.94,Medium
75,327,102,6,59,35,15,343,0.83,Medium
99,161,89,2,72,17,13,469,0.76,High
82,313,113,5,72,36,15,370,0.82,Medium
64,806,145,12,65,43,18,399,0.89,Low
102,120,64,0,71,16,19,348,0.88,High
84,457,85,8,68,38,17,357,0.95,Medium
84,223,77,7,70,33,17,478,0.87,Medium
98,174,42,2,72,21,13,315,0.94,High
75,265,101,4,60,36,16,336,0.79,Medium
71,893,145,18,69,42,17,442,0.75,Low
90,361,105,4,74,39,17,407,0.86,Medium
85,205,91,4,74,32,19,399,0.72,Medium
70,445,104,5,59,36,19,372,0.94,Medium
64,600,140,12,67,48,13,335,0.73,Low
89,267,111,6,74,32,19,446,0.7,Medium
74,832,118,11,73,40,17,403,0.9,Low
67,667,160,13,59,46,17,419,0.85,Low
73,205,96,4,60,32,16,412,0.71,Medium
88,142,60,3,58,17,12,337,0.73,High
89,36,66,0,60,18,15,306,0.78,High
80,269,112,9,68,27,14,364,0.7,Medium
79,100,84,2,57,19,13,328,0.95,High
103,114,69,1,74,19,15,461,0.86,High
91,37,53,1,66,24,17,469,0.84,High
75,353,83,7,59,28,12,311,0.73,Medium
79,417,109,7,64,30,17,361,0.73,Medium
78,277,88,8,63,27,19,303,0.88,Medium
76,598,156,18,74,40,12,392,0.75,Low
95,92,54,0,64,24,14,386,0.81,High
60,539,111,14,64,44,14,476,0.75,Low
76,413,72,6,63,39,12,350,0.78,Medium
77,204,89,9,67,35,19,412,0.75,Medium
69,426,84,5,58,32,13,315,0.72,Medium
71,412,125,5,60,27,14,476,0.86,Medium
83,417,107,7,64,26,18,389,0.72,Medium
101,20,47,2,67,19,15,418,0.89,High
96,147,52,3,73,18,13,374,0.71,High
84,35,49,2,56,21,16,384,0.84,High
78,411,114,9,59,33,18,371,0.9,Medium
91,156,65,2,71,20,18,436,0.73,High
85,412,88,9,73,35,16,452,0.76,Medium
81,463,102,5,67,31,14,309,0.77,Medium
68,373,105,5,58,31,19,340,0.94,Medium
74,645,175,12,68,45,12,413,0.84,Low
64,506,113,14,64,44,12,347,0.87,Low
56,803,155,10,55,43,13,377,0.75,Low
97,125,66,1,74,18,13,423,0.89,High
71,751,106,13,74,43,15,323,0.9,Low
68,702,149,19,65,48,14,346,0.72,Low
66,784,165,16,69,43,13,322,0.92,Low
88,317,96,4,71,32,13,351,0.94,Medium
102,69,61,0,70,15,17,301,0.74,High
96,116,65,3,72,15,18,468,0.85,High
87,86,71,0,66,17,19,427,0.9,High
55,736,110,17,55,43,12,394,0.93,Low
60,686,139,15,56,46,14,469,0.93,Low
70,354,104,6,59,28,17,379,0.72,Medium
87,317,118,4,72,35,15,366,0.79,Medium
90,191,51,0,70,21,16,310,0.88,High
94,177,69,0,70,15,16,356,0.8,High
75,760,105,15,74,45,17,407,0.9,Low
58,737,114,14,59,48,12,434,0.76,Low
93,108,67,3,59,15,15,331,0.93,High
72,691,147,10,69,41,18,474,0.73,Low
96,185,63,0,63,19,16,302,0.89,High
83,52,77,2,60,21,17,371,0.72,High
73,329,95,6,56,34,13,447,0.83,Medium
90,174,87,0,66,22,16,387,0.86,High
82,485,76,4,69,31,12,372,0.87,Medium
73,653,152,17,66,49,14,415,0.91,Low
91,495,94,6,72,30,14,420,0.75,Medium
81,653,166,16,73,40,13,453,0.92,Low
69,346,120,7,55,26,15,459,0.9,Medium
75,210,101,6,59,34,18,456,0.85,Medium
86,183,87,3,59,23,12,327,0.86,High
88,41,56,3,67,19,14,349,0.8,High
84,272,93,9,68,25,15,352,0.94,Medium
66,899,146,16,57,46,15,427,0.74,Low
70,305,87,9,55,34,14,369,0.87,Medium
70,491,85,5,58,37,13,416,0.89,Medium
98,190,64,2,71,15,17,474,0.8,High
57,617,111,15,58,45,12,428,0.7,Low
72,514,143,19,66,48,19,342,0.87,Low
70,574,104,15,66,42,19,390,0.71,Low
100,8,71,1,68,20,14,460,0.91,High
80,497,125,8,65,32,18,467,0.79,Medium
67,876,156,14,69,42,19,343,0.72,Low
86,125,52,1,59,18,15,395,0.85,High
60,564,169,16,61,44,17,442,0.92,Low
72,286,108,8,59,28,17,356,0.83,Medium
93,142,43,3,61,15,12,366,0.93,High
86,46,72,0,60,17,17,302,0.9,High
79,464,75,5,68,25,15,467,0.92,Medium
75,549,113,19,72,41,14,440,0.72,Low
82,342,102,4,72,34,19,309,0.84,Medium
80,467,78,5,68,38,15,406,0.74,Medium
67,627,158,15,62,47,16,304,0.7,Low
76,778,133,12,67,48,14,342,0.82,Low
53,872,135,18,55,45,12,349,0.93,Low
74,243,107,7,58,33,17,438,0.77,Medium
78,418,123,7,67,27,18,361,0.94,Medium
92,121,44,1,71,17,19,341,0.84,High
82,283,102,6,69,32,16,344,0.71,Medium
82,132,81,2,55,21,12,352,0.7,High
92,187,44,0,59,17,16,345,0.8,High
81,476,109,9,64,30,16,358,0.91,Medium
77,389,111,9,66,38,15,438,0.79,Medium
57,762,171,10,55,48,12,459,0.78,Low
70,279,123,7,56,26,19,367,0.76,Medium
89,147,74,2,67,18,13,401,0.8,High
65,635,160,10,63,41,15,345,0.85,Low
51,631,132,18,56,41,15,439,0.76,Low
100,54,40,3,70,15,16,302,0.88,High
85,383,114,4,72,27,19,455,0.9,Medium
69,518,137,14,73,44,13,437,0.82,Low
102,174,58,3,73,23,16,343,0.79,High
67,347,75,5,56,33,18,341,0.92,Medium
77,250,112,7,62,39,17,312,0.81,Medium
86,111,55,3,65,17,14,402,0.81,High
77,324,125,5,66,33,17,421,0.92,Medium
78,464,109,5,66,37,19,327,0.86,Medium
75,372,124,5,58,37,16,395,0.86,Medium
87,108,85,2,66,24,14,389,0.91,High
93,100,68,1,62,24,16,401,0.85,High
64,709,151,13,55,46,16,368,0.79,Low
69,871,179,12,68,40,19,370,0.81,Low
62,554,114,13,66,44,19,374,0.91,Low
78,202,120,7,61,27,12,375,0.78,Medium
81,342,121,4,70,30,17,329,0.88,Medium
108,146,89,1,74,21,14,362,0.87,High
69,888,140,15,63,43,14,453,0.89,Low
70,772,169,15,69,40,17,303,0.89,Low
70,665,168,10,73,41,18,345,0.88,Low
55,526,106,10,55,49,18,325,0.74,Low
83,415,117,8,71,27,16,436,0.87,Medium
79,493,73,9,65,26,17,436,0.94,Medium
84,67,68,0,60,18,16,441,0.86,High
70,215,109,6,55,29,17,360,0.71,Medium
107,125,45,0,73,22,17,325,0.89,High
55,723,151,16,56,42,18,464,0.77,Low
81,298,83,9,68,29,12,417,0.79,Medium
78,408,126,4,59,29,16,354,0.94,Medium
75,440,90,8,65,39,15,443,0.79,Medium
96,79,84,0,66,20,16,385,0.74,High
79,453,107,5,69,29,15,415,0.9,Medium
77,460,71,9,61,32,16,380,0.79,Medium
78,75,66,2,55,17,17,315,0.78,High
69,430,103,8,56,38,19,328,0.7,Medium
70,810,114,10,72,45,16,382,0.79,Low
84,430,76,8,68,27,13,349,0.81,Medium
103,94,66,1,72,17,18,310,0.84,High
86,83,78,3,59,15,12,426,0.86,High
82,477,97,6,68,36,18,415,0.85,Medium
69,515,111,11,67,42,16,328,0.83,Low
78,269,97,7,61,38,15,314,0.92,Medium
84,303,72,7,67,39,14,402,0.84,Medium
65,468,128,5,55,34,18,431,0.87,Medium
84,92,57,2,64,21,18,437,0.72,High
74,406,124,5,56,32,14,462,0.74,Medium
67,899,179,13,71,46,15,340,0.82,Low
79,524,124,14,72,40,19,451,0.86,Low
81,360,127,9,63,29,12,391,0.95,Medium
66,309,75,4,56,25,17,343,0.9,Medium
82,330,104,8,66,27,17,347,0.85,Medium
67,590,141,13,67,41,12,366,0.91,Low
56,831,150,17,55,47,18,334,0.93,Low
103,126,52,2,72,17,13,386,0.92,High
76,185,61,2,56,15,18,331,0.87,High
103,121,47,2,73,17,16,434,0.86,High
75,276,79,4,57,33,13,411,0.91,Medium
88,324,124,5,72,29,16,423,0.73,Medium
66,751,167,10,60,49,18,365,0.82,Low
73,482,71,5,62,29,18,384,0.86,Medium
94,114,49,1,68,24,15,305,0.76,High
69,217,92,9,58,27,12,465,0.78,Medium
81,474,83,6,71,31,14,478,0.88,Medium
65,866,104,17,56,43,17,370,0.91,Low
59,520,155,14,63,40,17,396,0.72,Low
98,109,54,3,64,20,17,435,0.79,High
70,538,102,18,61,49,17,385,0.91,Low
76,748,153,13,72,49,18,385,0.81,Low
65,595,102,17,62,41,18,479,0.93,Low
77,662,162,16,71,48,13,409,0.87,Low
88,271,79,9,70,26,12,476,0.7,Medium
74,282,112,4,58,33,18,448,0.82,Medium
80,206,125,8,68,34,14,328,0.78,Medium
59,708,121,10,61,40,12,314,0.86,Low
103,85,40,0,71,20,16,474,0.86,High
91,190,89,0,65,23,18,312,0.75,High
75,429,90,5,65,37,15,318,0.87,Medium
80,304,124,5,61,33,12,329,0.95,Medium
81,396,125,6,69,39,16,375,0.76,Medium
75,397,122,6,64,39,16,323,0.72,Medium
89,67,41,2,66,21,17,375,0.76,High
67,849,115,15,70,49,19,366,0.82,Low
79,356,88,8,65,29,16,382,0.88,Medium
85,61,62,0,61,24,15,455,0.72,High
65,579,154,15,57,40,15,463,0.81,Low
92,26,79,2,63,17,16,453,0.77,High
93,197,52,2,62,22,19,369,0.94,High
71,822,155,17,74,45,18,453,0.84,Low
72,300,91,5,62,34,14,320,0.86,Medium
68,426,92,4,55,39,18,448,0.7,Medium
71,215,120,5,57,39,16,351,0.89,Medium
94,64,62,0,61,23,19,353,0.86,High
68,525,141,11,64,48,15,331,0.73,Low
85,157,69,2,58,15,15,314,0.94,High
87,45,79,3,59,21,18,398,0.79,High
62,725,109,16,58,42,12,353,0.88,Low
64,744,178,16,56,46,19,460,0.83,Low
88,435,86,6,73,26,18,376,0.93,Medium
72,404,112,8,58,32,14,402,0.93,Medium
71,645,139,10,72,42,16,359,0.9,Low
55,853,162,12,58,40,18,372,0.92,Low
84,101,59,3,63,23,19,315,0.8,High
68,457,105,9,58,37,15,330,0.89,Medium
80,474,110,5,62,36,19,337,0.88,Medium
98,129,40,2,65,20,12,409,0.86,High
74,424,90,5,64,25,17,360,0.86,Medium
83,347,128,8,69,34,17,389,0.86,Medium
52,809,166,19,55,44,12,317,0.85,Low
79,408,127,8,62,37,15,454,0.76,Medium
62,726,160,16,55,40,14,418,0.72,Low
72,606,102,16,69,40,13,479,0.94,Low
52,782,166,10,55,48,18,311,0.84,Low
53,516,172,15,55,42,12,305,0.88,Low
70,803,130,14,71,45,13,437,0.8,Low
91,493,116,8,73,31,13,407,0.84,Medium
61,612,122,14,63,47,18,303,0.72,Low
74,370,128,6,55,32,19,354,0.84,Medium
104,131,76,2,71,19,17,406,0.75,High
80,323,93,4,63,37,15,431,0.9,Medium
85,198,64,0,62,15,15,435,0.85,High
72,636,101,12,63,49,14,354,0.72,Low
73,257,97,6,59,38,18,388,0.82,Medium
63,678,168,10,64,40,17,348,0.72,Low
81,396,114,7,67,36,15,398,0.75,Medium
88,14,84,3,58,23,12,389,0.76,High
75,234,113,5,58,39,15,463,0.89,Medium
78,267,126,9,62,31,14,347,0.84,Medium
71,702,118,15,64,47,16,464,0.82,Low
95,57,79,0,74,23,14,449,0.83,High
74,327,90,4,55,25,14,405,0.86,Medium
82,427,123,8,71,30,17,333,0.92,Medium
101,67,53,1,73,21,16,355,0.79,High
61,673,173,12,62,48,12,384,0.75,Low
75,704,135,18,74,43,12,425,0.86,Low
80,496,116,4,64,37,16,400,0.72,Medium
83,473,80,6,64,26,17,328,0.71,Medium
86,427,85,5,72,33,14,394,0.83,Medium
66,551,106,19,61,44,12,337,0.79,Low
83,356,106,8,65,36,12,477,0.71,Medium
95,149,83,3,67,24,17,416,0.77,High
70,642,166,18,70,42,15,428,0.94,Low
89,45,53,3,66,16,19,326,0.83,High
73,672,148,12,73,48,14,364,0.91,Low
79,898,167,15,73,49,17,355,0.83,Low
81,101,71,1,60,17,18,301,0.91,High
87,442,116,5,74,38,16,371,0.7,Medium
91,84,48,0,62,19,16,384,0.78,High
78,350,105,5,62,38,17,434,0.82,Medium
73,227,79,6,61,37,12,477,0.9,Medium
88,9,53,3,59,24,18,349,0.87,High
75,618,166,18,72,48,16,463,0.8,Low
78,256,85,4,60,28,14,329,0.88,Medium
84,382,95,9,67,32,12,420,0.74,Medium
80,59,45,3,60,17,15,470,0.89,High
94,6,52,1,65,18,18,479,0.85,High
72,764,126,17,67,48,19,379,0.9,Low
52,605,170,15,55,44,17,441,0.94,Low
70,869,133,12,70,48,19,399,0.9,Low
77,543,111,17,68,48,18,377,0.85,Low
93,196,86,1,68,17,12,325,0.72,High
91,192,57,1,63,19,16,457,0.71,High
94,41,86,3,66,22,19,335,0.84,High
93,97,43,1,64,19,15,465,0.92,High
65,780,113,15,61,45,19,317,0.76,Low
89,27,70,1,65,19,18,322,0.78,High
83,224,86,9,73,39,12,401,0.79,Medium
65,502,159,11,60,40,16,448,0.75,Low
67,563,127,11,65,49,15,410,0.89,Low
75,450,90,4,58,35,18,306,0.9,Medium
83,263,117,7,73,33,15,432,0.77,Medium
73,720,166,11,66,48,14,349,0.85,Low
80,172,74,0,57,18,18,376,0.95,High
80,348,82,8,66,37,12,425,0.85,Medium
101,51,43,0,74,16,16,454,0.76,High
66,737,153,10,64,49,15,462,0.8,Low
94,91,77,2,72,24,16,424,0.82,High
68,657,161,13,60,41,12,478,0.89,Low
99,53,65,3,73,19,19,462,0.74,High
89,432,106,7,73,27,17,448,0.94,Medium
90,81,70,0,59,21,17,435,0.94,High
92,69,65,1,61,22,17,322,0.94,High
77,497,76,9,58,36,18,428,0.93,Medium
91,17,43,1,59,20,12,459,0.95,High
69,548,147,11,62,46,15,357,0.74,Low
71,225,122,5,56,31,18,450,0.79,Medium
79,194,83,3,55,23,15,375,0.73,High
64,771,136,13,69,44,19,394,0.86,Low
58,866,160,19,58,42,12,414,0.75,Low
92,125,78,3,58,23,12,377,0.72,High
54,831,134,13,55,44,16,392,0.76,Low
102,116,72,3,68,24,13,349,0.87,High
83,152,88,3,56,20,14,307,0.77,High
64,592,117,10,69,46,14,345,0.92,Low
78,615,106,17,71,41,17,421,0.94,Low
85,266,74,7,74,29,18,316,0.93,Medium
68,473,74,9,56,36,19,343,0.81,Medium
95,57,84,1,65,19,14,371,0.86,High
63,506,143,16,64,41,17,396,0.8,Low
98,177,73,2,73,22,18,306,0.8,High
97,0,42,3,70,24,17,365,0.9,High
76,491,108,7,58,35,17,327,0.93,Medium
89,14,58,1,61,23,18,345,0.73,High
74,680,124,18,68,42,17,408,0.71,Low
82,23,43,2,55,19,16,467,0.79,High
81,215,74,4,70,27,13,449,0.77,Medium
71,371,87,6,56,30,12,352,0.83,Medium
101,125,48,2,67,17,13,350,0.94,High
85,155,70,2,64,19,17,454,0.9,High
79,142,43,2,59,15,13,376,0.76,High
85,232,93,6,67,35,12,415,0.91,Medium
98,50,72,0,70,23,12,391,0.91,High
86,207,128,7,73,25,17,457,0.81,Medium
88,4,88,1,62,20,18,379,0.77,High
63,500,137,14,55,45,19,327,0.76,Low
75,204,115,4,60,35,17,355,0.85,Medium
76,417,84,9,64,32,16,406,0.83,Medium
72,395,126,7,60,37,15,414,0.78,Medium
83,128,82,1,55,21,14,404,0.76,High
88,263,121,8,69,30,17,381,0.7,Medium
71,441,97,6,55,34,16,400,0.76,Medium
78,577,165,15,70,42,17,456,0.83,Low
97,125,87,1,66,23,17,310,0.74,High
85,84,41,0,62,24,17,409,0.77,High
61,887,125,13,66,44,13,372,0.85,Low
81,200,85,8,68,26,18,320,0.86,Medium
80,457,110,8,63,36,13,301,0.91,Medium
108,9,40,1,74,18,13,322,0.8,High
74,733,157,18,72,47,17,420,0.81,Low
94,15,86,1,63,20,12,303,0.85,High
89,121,60,1,65,20,15,300,0.73,High
54,755,110,18,59,46,15,458,0.74,Low
94,75,47,0,72,23,15,334,0.82,High
77,217,118,8,65,32,19,318,0.78,Medium
74,808,155,16,66,48,18,443,0.78,Low
68,577,167,14,67,49,17,336,0.72,Low
55,635,169,13,58,49,16,455,0.79,Low
92,45,66,0,72,15,14,329,0.7,High
56,693,108,12,56,48,12,332,0.93,Low
104,29,72,1,73,19,18,437,0.78,High
75,354,80,6,64,33,18,339,0.77,Medium
88,96,68,3,62,15,15,338,0.9,High
76,611,147,12,72,48,18,370,0.73,Low
89,202,93,8,70,26,16,421,0.72,Medium
104,47,69,0,73,18,16,313,0.83,High
73,397,89,7,55,36,15,408,0.86,Medium
66,662,174,17,60,48,18,353,0.7,Low
57,747,140,17,60,42,18,475,0.85,Low
82,402,110,8,67,36,17,405,0.95,Medium
78,208,75,7,68,28,17,370,0.8,Medium
98,45,75,0,66,23,12,467,0.91,High
79,316,127,5,60,31,15,305,0.87,Medium
104,62,77,0,73,24,18,381,0.9,High
89,190,51,0,62,23,15,420,0.71,High
79,840,108,13,74,48,16,382,0.79,Low
53,660,171,12,55,49,13,379,0.81,Low
83,9,68,2,58,16,19,459,0.82,High
74,891,166,12,69,48,12,356,0.8,Low
91,52,65,0,68,20,16,400,0.9,High
67,364,93,9,57,34,17,465,0.84,Medium
95,88,72,1,61,22,18,475,0.9,High
67,808,116,13,72,48,18,461,0.9,Low
70,850,105,14,64,40,19,400,0.93,Low
72,661,154,13,67,44,16,404,0.86,Low
102,45,88,1,71,23,17,423,0.95,High
98,128,70,2,74,17,18,397,0.74,High
62,679,122,14,55,45,16,385,0.7,Low
105,46,81,0,74,21,13,337,0.75,High
79,221,97,9,67,30,17,405,0.75,Medium
59,724,139,19,61,46,19,360,0.7,Low
99,4,89,1,71,22,16,342,0.77,High
85,382,97,4,67,36,19,336,0.86,Medium
75,598,151,18,69,47,18,389,0.81,Low
89,39,61,0,65,24,17,367,0.82,High
99,70,76,3,66,24,16,390,0.76,High
57,617,174,10,61,40,19,338,0.72,Low
92,416,123,9,74,35,17,419,0.94,Medium
92,149,43,3,66,16,15,466,0.95,High
68,853,135,13,72,43,17,418,0.89,Low
92,30,79,1,63,20,15,442,0.92,High
63,758,151,10,61,49,17,415,0.95,Low
93,99,78,2,71,23,18,443,0.83,High
70,714,135,17,61,48,13,358,0.77,Low
71,404,80,6,55,30,16,392,0.79,Medium
87,453,125,6,68,27,16,373,0.92,Medium
64,512,162,18,67,40,17,366,0.86,Low
63,554,159,16,66,47,13,348,0.8,Low
82,256,76,4,63,31,12,314,0.85,Medium
98,157,72,2,69,17,15,371,0.84,High
71,298,70,6,56,27,14,426,0.8,Medium
71,781,102,13,68,44,13,442,0.75,Low
98,68,63,2,69,21,18,390,0.79,High
75,218,74,7,62,37,15,313,0.92,Medium
68,800,118,10,66,46,13,443,0.87,Low
55,792,122,10,60,40,17,331,0.91,Low
102,133,53,3,72,16,17,465,0.93,High
69,569,130,18,61,45,14,445,0.82,Low
59,531,174,11,64,47,19,345,0.81,Low
73,415,93,9,59,29,19,474,0.84,Medium
56,784,151,14,58,48,14,362,0.76,Low
86,93,71,2,65,19,19,318,0.81,High
85,238,110,4,68,35,18,349,0.78,Medium
66,769,143,15,67,42,12,353,0.94,Low
95,16,88,2,65,17,12,330,0.9,High
87,108,87,3,60,15,12,383,0.92,High
84,154,62,1,59,22,16,331,0.75,High
89,76,57,1,66,21,15,452,0.77,High
98,118,69,1,70,19,13,445,0.85,High
85,325,88,8,72,25,15,310,0.9,Medium
85,165,74,3,63,22,14,336,0.81,High
87,168,65,1,66,21,14,303,0.8,High
61,749,150,17,65,47,18,470,0.89,Low
89,16,40,0,67,18,12,320,0.71,High
77,334,89,7,62,37,19,470,0.84,Medium
92,147,73,3,58,18,19,457,0.81,High
65,615,111,11,64,47,17,349,0.81,Low
57,719,178,16,58,42,15,391,0.72,Low
63,722,124,13,59,48,12,384,0.87,Low
68,522,113,10,67,47,17,375,0.75,Low
67,324,73,7,55,29,15,341,0.95,Medium
94,72,53,0,68,15,17,459,0.86,High
86,266,96,9,70,27,12,361,0.86,Medium
106,68,53,1,72,19,12,364,0.71,High
87,162,84,1,55,24,12,469,0.87,High
93,85,54,1,59,19,15,383,0.86,High
94,143,51,1,65,17,19,467,0.82,High
84,186,67,3,59,17,12,365,0.83,High
93,82,55,3,67,17,14,360,0.78,High
76,479,116,8,63,36,17,453,0.8,Medium
84,93,50,0,56,22,19,302,0.93,High
73,849,150,13,67,41,15,411,0.72,Low
99,141,89,3,74,15,16,416,0.77,High
78,251,121,9,64,35,13,357,0.88,Medium
101,153,75,1,70,24,14,370,0.73,High
81,411,80,5,67,26,14,306,0.76,Medium
89,172,50,0,58,22,12,321,0.86,High
81,41,60,3,56,23,18,380,0.71,High
105,80,65,0,71,21,14,307,0.79,High
90,156,58,1,62,19,16,382,0.91,High
57,680,116,10,57,46,17,432,0.75,Low
95,39,44,3,71,22,18,365,0.94,High
72,468,82,4,61,25,15,409,0.92,Medium
83,186,52,2,59,15,13,350,0.84,High
86,33,49,2,62,21,19,322,0.79,High
82,542,126,12,73,44,16,381,0.88,Low
54,762,130,10,58,45,13,360,0.79,Low
101,29,48,2,72,23,17,436,0.9,High
104,117,71,3,72,23,19,410,0.77,High
89,430,105,7,74,35,17,409,0.79,Medium
91,69,88,1,58,22,19,332,0.76,High
72,274,70,9,57,26,19,403,0.84,Medium
73,247,86,6,58,33,13,363,0.88,Medium
75,553,173,16,67,44,13,312,0.77,Low
63,641,178,10,66,49,18,405,0.84,Low
73,245,98,7,57,25,15,442,0.88,Medium
97,191,85,0,69,23,13,351,0.85,High
88,199,71,2,59,16,13,348,0.73,High
82,205,123,4,66,29,16,323,0.89,Medium
92,24,57,2,63,23,16,457,0.85,High
77,316,115,4,58,26,13,430,0.84,Medium
104,42,66,3,70,23,12,358,0.85,High
97,130,42,3,66,21,19,402,0.79,High
88,7,74,0,61,17,15,347,0.84,High
98,167,62,1,69,17,15,460,0.8,High
96,162,43,2,73,24,16,337,0.89,High
85,113,59,2,60,20,13,360,0.93,High
93,171,58,2,62,19,12,434,0.88,High
92,162,66,1,72,18,13,430,0.91,High
88,132,40,2,65,24,18,453,0.76,High
86,296,71,9,70,29,14,332,0.95,Medium
67,785,114,19,66,46,12,404,0.9,Low
81,213,92,7,68,34,17,359,0.78,Medium
83,113,62,2,57,19,14,459,0.81,High
60,586,125,16,63,43,18,423,0.73,Low
68,324,87,8,56,37,15,361,0.82,Medium
66,506,119,14,63,41,18,322,0.75,Low
81,318,71,8,69,33,16,475,0.72,Medium
81,249,80,6,69,36,13,316,0.93,Medium
86,179,69,3,60,22,18,357,0.76,High
86,415,96,5,67,34,18,451,0.71,Medium
57,706,106,18,62,42,19,474,0.7,Low
80,424,78,5,62,32,19,339,0.9,Medium
62,835,156,15,62,48,13,441,0.81,Low
73,445,122,9,57,32,13,366,0.88,Medium
86,175,48,2,61,16,13,337,0.87,High
70,306,91,8,57,33,13,303,0.84,Medium
88,97,59,2,55,16,16,381,0.87,High
100,41,67,0,70,23,14,318,0.76,High
74,851,117,12,70,47,17,391,0.93,Low
92,35,73,0,58,23,17,336,0.89,High
59,657,147,16,56,41,14,436,0.78,Low
77,258,89,8,67,37,18,456,0.88,Medium
70,766,124,17,70,41,12,434,0.92,Low
67,352,111,4,56,28,12,427,0.76,Medium
67,319,129,6,56,25,16,308,0.87,Medium
77,271,122,6,61,39,13,395,0.74,Medium
89,145,85,3,59,24,13,424,0.79,High
90,94,71,2,65,21,19,448,0.8,High
93,93,43,2,64,18,17,442,0.71,High
85,469,111,9,73,33,12,437,0.9,Medium
80,102,61,0,56,24,17,405,0.85,High
71,355,84,4,59,35,12,429,0.83,Medium
64,890,111,18,58,41,14,317,0.95,Low
81,592,104,15,72,45,18,453,0.89,Low
84,297,92,5,67,29,15,352,0.91,Medium
83,432,89,7,69,38,17,394,0.71,Medium
72,547,127,11,69,49,17,316,0.79,Low
83,417,114,5,66,31,17,430,0.7,Medium
88,156,79,1,59,16,16,339,0.91,High
83,326,112,7,69,34,17,326,0.73,Medium
73,472,98,8,57,34,12,381,0.93,Medium
83,170,41,3,63,16,13,411,0.87,High
72,688,154,11,66,43,12,343,0.9,Low
88,114,69,3,60,22,12,411,0.9,High
60,855,144,12,60,44,13,421,0.79,Low
87,81,46,1,56,20,17,364,0.85,High
88,483,97,6,73,37,14,431,0.94,Medium
84,20,86,2,57,22,12,406,0.85,High
77,428,103,6,64,25,13,433,0.94,Medium
67,257,82,9,55,27,14,464,0.84,Medium
53,760,121,15,56,44,13,391,0.82,Low
87,461,75,8,72,38,16,322,0.89,Medium
91,95,49,1,64,21,15,313,0.75,High
99,169,74,0,72,15,16,394,0.71,High
79,706,161,15,70,43,15,442,0.84,Low
79,888,170,11,74,45,16,424,0.75,Low
80,347,113,7,70,34,15,339,0.82,Medium
87,200,100,7,70,35,15,313,0.92,Medium
72,401,97,7,56,35,14,341,0.83,Medium
75,288,112,8,61,39,18,470,0.83,Medium
68,850,142,10,72,49,15,309,0.77,Low
60,633,164,11,61,47,18,386,0.76,Low
75,379,81,8,57,25,14,388,0.89,Medium
59,605,143,15,55,43,19,474,0.94,Low
76,449,108,9,63,39,18,387,0.86,Medium
68,738,108,10,65,45,17,387,0.89,Low
88,126,60,3,67,23,15,466,0.76,High
88,186,41,2,55,17,18,333,0.9,High
73,530,144,16,70,42,12,453,0.87,Low
78,515,120,12,72,49,12,404,0.88,Low
65,637,107,19,70,42,13,386,0.88,Low
97,78,47,1,69,23,17,379,0.9,High
58,614,132,15,58,43,14,318,0.77,Low
62,645,150,17,61,46,17,301,0.77,Low
97,78,51,0,70,19,19,457,0.75,High
85,384,70,4,71,28,17,469,0.88,Medium
70,467,120,5,60,32,13,400,0.73,Medium
96,166,50,1,64,15,12,377,0.85,High
76,606,141,11,68,43,17,339,0.71,Low
87,304,111,8,71,37,12,315,0.72,Medium
94,140,77,0,69,23,15,428,0.82,High
79,886,169,12,74,49,19,391,0.85,Low
93,108,51,0,63,19,19,302,0.93,High
62,875,124,16,66,47,15,369,0.94,Low
95,148,48,0,64,23,13,377,0.76,High
78,769,125,10,70,48,17,308,0.75,Low
85,425,98,6,73,39,18,400,0.77,Medium
80,224,108,8,63,37,14,386,0.78,Medium
60,848,152,15,62,42,14,365,0.92,Low
60,875,137,13,57,43,14,339,0.85,Low
70,565,179,16,67,41,14,434,0.83,Low
86,438,121,6,71,36,16,421,0.92,Medium
58,757,174,19,63,46,17,454,0.86,Low
87,283,111,4,72,35,16,369,0.8,Medium
86,356,129,7,72,26,17,448,0.8,Medium
84,205,75,8,71,28,17,372,0.82,Medium
71,655,163,12,70,40,13,400,0.9,Low
104,182,57,0,73,21,13,418,0.92,High
75,399,91,6,61,26,17,473,0.95,Medium
77,135,86,3,57,19,16,353,0.79,High
73,723,122,12,69,40,13,393,0.84,Low
86,17,50,2,62,20,15,438,0.8,High
82,282,79,6,64,29,12,468,0.91,Medium
88,213,72,7,73,37,14,462,0.77,Medium
94,37,82,0,65,19,14,427,0.83,High
92,197,57,0,61,16,18,404,0.8,High
59,557,100,10,61,46,17,464,0.82,Low
96,149,87,0,68,22,14,462,0.93,High
86,494,81,8,68,38,16,313,0.73,Medium
87,77,79,0,59,21,12,361,0.7,High
73,761,161,11,73,46,16,444,0.77,Low
86,314,93,7,67,34,16,308,0.86,Medium
71,828,155,10,68,44,16,361,0.82,Low
66,777,115,13,57,43,15,353,0.8,Low
90,153,84,2,69,23,18,413,0.73,High
82,330,99,4,64,28,12,312,0.71,Medium
55,547,160,17,57,49,15,375,0.85,Low
72,238,86,6,59,34,14,381,0.95,Medium
101,73,72,2,72,23,17,412,0.77,High
90,22,62,0,57,24,17,306,0.71,High
94,11,58,3,68,19,19,347,0.93,High
90,448,126,6,72,31,16,378,0.8,Medium
63,883,103,17,63,49,12,406,0.9,Low
93,90,69,1,70,23,19,378,0.78,High
67,223,118,4,55,38,15,408,0.79,Medium
81,357,70,8,65,30,17,347,0.75,Medium
97,84,87,1,65,23,19,327,0.92,High
100,169,64,3,74,15,16,362,0.79,High
88,35,83,3,57,24,19,306,0.7,High
83,384,89,6,64,26,17,361,0.92,Medium
76,506,135,19,73,40,12,377,0.89,Low
62,596,124,19,63,49,14,345,0.83,Low
75,491,84,6,62,27,19,448,0.79,Medium
74,611,112,10,74,48,19,434,0.79,Low
103,194,80,1,71,21,14,402,0.72,High
97,70,65,3,69,22,18,337,0.94,High
97,20,67,0,68,18,18,317,0.77,High
92,162,42,2,64,24,13,351,0.9,High
61,771,104,16,56,44,18,329,0.71,Low
78,90,85,0,57,15,18,469,0.87,High
74,471,119,5,64,31,15,331,0.71,Medium
79,845,169,13,73,47,16,438,0.87,Low
98,20,88,3,72,21,14,394,0.72,High
88,344,74,5,73,34,16,429,0.94,Medium
67,668,101,12,64,48,15,429,0.85,Low
74,507,104,19,65,45,14,343,0.83,Low
60,595,166,19,64,47,12,313,0.94,Low
57,649,151,12,61,45,19,446,0.84,Low
62,773,167,10,61,43,15,470,0.95,Low
80,438,70,7,61,35,12,430,0.95,Medium
62,718,167,19,65,46,12,368,0.94,Low
72,316,76,9,62,39,16,358,0.77,Medium
68,668,139,18,68,43,19,324,0.72,Low
57,608,177,12,60,43,17,473,0.78,Low
93,159,78,3,61,15,17,390,0.73,High
87,69,81,0,57,24,15,315,0.8,High
89,258,74,9,73,34,18,356,0.94,Medium
87,72,62,1,61,20,17,466,0.81,High
74,392,104,4,63,37,19,438,0.94,Medium
79,444,123,7,62,25,19,313,0.73,Medium
95,192,74,2,72,15,14,457,0.83,High
88,30,40,3,58,18,14,353,0.91,High
58,829,162,17,55,42,13,376,0.79,Low
93,93,83,3,66,15,17,429,0.74,High
85,250,71,6,72,38,18,433,0.93,Medium
65,418,125,5,55,36,12,415,0.9,Medium
58,617,171,15,57,43,19,427,0.79,Low
96,37,68,3,66,17,18,411,0.9,High
80,439,84,8,64,37,14,456,0.95,Medium
70,294,109,8,57,31,15,357,0.94,Medium
79,135,52,3,59,20,16,302,0.84,High
104,151,44,2,70,20,12,370,0.87,High
54,741,157,18,58,48,12,371,0.73,Low
74,301,90,8,61,36,15,413,0.8,Medium
69,726,164,15,66,49,17,372,0.81,Low
89,45,59,0,64,24,19,381,0.79,High
75,233,125,5,61,34,15,427,0.82,Medium
73,293,100,4,61,32,16,399,0.82,Medium
59,765,123,12,63,45,18,435,0.85,Low
66,894,100,14,70,41,16,358,0.76,Low
95,69,45,0,63,16,17,447,0.93,High
61,529,170,19,58,42,12,393,0.83,Low
76,310,105,8,62,25,16,460,0.77,Medium
74,875,130,13,71,41,17,429,0.8,Low
83,318,74,9,71,27,18,354,0.86,Medium
73,416,73,4,55,38,12,396,0.84,Medium
56,703,116,11,56,40,13,437,0.88,Low
70,338,71,8,55,38,15,388,0.83,Medium
96,135,50,0,69,24,13,443,0.73,High
98,94,49,2,67,19,13,372,0.94,High
77,651,129,13,71,49,19,456,0.92,Low
70,250,103,7,56,26,12,461,0.92,Medium
79,330,95,5,65,25,19,390,0.8,Medium
96,86,78,3,65,18,17,394,0.89,High
76,716,145,18,68,41,13,362,0.83,Low
83,131,65,3,61,21,12,414,0.79,High
73,344,81,7,57,26,18,362,0.75,Medium
72,491,73,8,61,31,12,429,0.85,Medium
86,21,86,0,64,17,18,393,0.85,High
63,530,124,13,66,41,17,404,0.79,Low
84,15,56,3,60,15,18,417,0.84,High
64,710,150,18,61,46,16,339,0.78,Low
81,317,101,7,70,38,17,340,0.75,Medium
58,645,117,13,62,44,19,301,0.85,Low
64,799,166,15,59,47,12,361,0.76,Low
95,23,66,3,73,15,13,415,0.92,High
88,343,102,4,71,38,18,338,0.81,Medium
95,63,72,2,73,19,17,344,0.92,High
83,260,112,9,73,39,17,366,0.94,Medium
82,223,107,5,70,34,12,457,0.92,Medium
82,341,110,5,65,37,16,403,0.92,Medium
79,235,113,7,62,25,13,321,0.9,Medium
98,151,50,3,68,17,15,477,0.86,High
74,420,88,4,59,34,18,320,0.83,Medium
